provider,provider_match_id,provider_league_id,provider_season_id,league_external_id,league_id,season,home_team_id,home_team_name,away_team_id,away_team_name,internal_home_team,internal_away_team,kickoff_at,home_score,away_score
fotmob,3854715,9441,2022,257,1408,2022,839074,FC Motown,1334654,AC Syracuse Pulse,FC Motown,Syracuse Pulse,2022-04-06T23:00:00+00:00,,
fotmob,3849630,9441,2022,257,1408,2022,721896,Miami FC,634267,Miami United,Miami United,Miami United,2022-04-06T23:00:00+00:00,,
fotmob,3845298,9441,2022,257,1408,2022,839083,ALBION San Diego,1124827,San Diego Loyal SC,San Diego,San Diego Loyal,2022-04-07T02:30:00+00:00,,
fotmob,3859055,9441,2022,257,1408,2022,721896,Miami FC,960720,Inter Miami CF,Miami United,Inter Miami,2022-04-19T23:00:00+00:00,,
fotmob,3859062,9441,2022,257,1408,2022,162182,Rochester New York FC,839074,FC Motown,York,FC Motown,2022-04-20T22:00:00+00:00,,
fotmob,3859051,9441,2022,257,1408,2022,773958,Atlanta United,540884,Chattanooga FC,Atalanta,Chattanooga,2022-04-20T23:30:00+00:00,,
fotmob,3866373,9441,2022,257,1408,2022,546238,New York City FC,162182,Rochester New York FC,New York City FC,York,2022-05-11T23:00:00+00:00,,
fotmob,3866369,9441,2022,257,1408,2022,915807,Nashville SC,773958,Atlanta United,Nashville SC,Atalanta,2022-05-12T00:00:00+00:00,,
fotmob,4118156,9441,2023,257,1408,2023,839070,El Farolito SC,1437470,International San Francisco,El Farolito,Inter,2023-03-22T21:30:00+00:00,,
fotmob,4125897,9441,2023,257,1408,2023,1442438,Club de Lyon FC 2,1358095,NONA FC,Club De Lyon,Nona,2023-03-22T23:00:00+00:00,,
fotmob,4145392,9441,2023,257,1408,2023,721896,Miami FC,839076,Jacksonville Armada U23,Miami United,Jacksonville Armada II,2023-04-04T23:00:00+00:00,,
fotmob,4125900,9441,2023,257,1408,2023,267816,Pittsburgh Riverhounds SC,162182,Rochester New York FC,Pittsburgh Riverhounds,York,2023-04-05T23:00:00+00:00,,
fotmob,4125910,9441,2023,257,1408,2023,1124827,San Diego Loyal SC,839083,ALBION San Diego,San Diego Loyal,San Diego,2023-04-06T02:00:00+00:00,,
fotmob,4153392,9441,2023,257,1408,2023,773958,Atlanta United,1003204,Memphis 901 FC,Atalanta,Memphis 901,2023-04-26T23:30:00+00:00,,
fotmob,4153384,9441,2023,257,1408,2023,721896,Miami FC,960720,Inter Miami CF,Miami United,Inter Miami,2023-04-26T23:30:00+00:00,,
fotmob,5107437,67,2022,113,1458,2022,8349,AIK,8310,Halmstads BK,AIK Stockholm,Halmstad,2026-04-05T12:00:00+00:00,,
fotmob,5107444,67,2022,113,1458,2022,9892,Kalmar FF,6194,Västerås SK,Kalmar FF,Vasteras SK FK,2026-04-05T12:00:00+00:00,,
fotmob,5107440,67,2022,113,1458,2022,10002,Örgryte,10237,Malmö FF,Orgryte IS,Malmo FF,2026-04-05T14:30:00+00:00,,
fotmob,5107441,67,2022,113,1458,2022,8428,Häcken,8501,Brommapojkarna,BK Hacken,IF Brommapojkarna,2026-04-06T12:00:00+00:00,,
fotmob,5107439,67,2022,113,1458,2022,8297,GAIS,9802,Djurgården,Gais,Djurgardens IF,2026-04-06T14:30:00+00:00,,
fotmob,5107447,67,2022,113,1458,2022,8127,Mjällby,10002,Örgryte,Mjallby AIF,Orgryte IS,2026-04-11T13:00:00+00:00,,
fotmob,5107451,67,2022,113,1458,2022,6194,Västerås SK,8014,Elfsborg,Vasteras SK FK,IF Elfsborg,2026-04-11T13:00:00+00:00,,
fotmob,5107452,67,2022,113,1458,2022,8310,Halmstads BK,6544,Degerfors,Halmstad,Degerfors IF,2026-04-12T12:00:00+00:00,,
fotmob,5107448,67,2022,113,1458,2022,10237,Malmö FF,8297,GAIS,Malmo FF,Gais,2026-04-12T14:30:00+00:00,,
fotmob,5107449,67,2022,113,1458,2022,8501,Brommapojkarna,8349,AIK,IF Brommapojkarna,AIK Stockholm,2026-04-13T17:00:00+00:00,,
fotmob,5107460,67,2022,113,1458,2022,8310,Halmstads BK,9893,IFK Göteborg,Halmstad,IFK Goteborg,2026-04-18T13:00:00+00:00,,
fotmob,5107455,67,2022,113,1458,2022,8248,Hammarby,10002,Örgryte,Hammarby FF,Orgryte IS,2026-04-18T13:00:00+00:00,,
fotmob,5107457,67,2022,113,1458,2022,8127,Mjällby,8501,Brommapojkarna,Mjallby AIF,IF Brommapojkarna,2026-04-18T13:00:00+00:00,,
fotmob,5107459,67,2022,113,1458,2022,6694,Sirius,6194,Västerås SK,Sirius,Vasteras SK FK,2026-04-18T13:00:00+00:00,,
fotmob,5107456,67,2022,113,1458,2022,8428,Häcken,8297,GAIS,BK Hacken,Gais,2026-04-19T14:30:00+00:00,,
fotmob,5107461,67,2022,113,1458,2022,8248,Hammarby,8310,Halmstads BK,Hammarby FF,Halmstad,2026-04-22T17:00:00+00:00,,
fotmob,5107467,67,2022,113,1458,2022,6194,Västerås SK,8428,Häcken,Vasteras SK FK,BK Hacken,2026-04-22T17:00:00+00:00,,
fotmob,5107462,67,2022,113,1458,2022,8297,GAIS,8127,Mjällby,Gais,Mjallby AIF,2026-04-23T17:00:00+00:00,,
fotmob,5107471,67,2022,113,1458,2022,9893,IFK Göteborg,8297,GAIS,IFK Goteborg,Gais,2026-04-26T14:30:00+00:00,,
fotmob,5107474,67,2022,113,1458,2022,8127,Mjällby,8310,Halmstads BK,Mjallby AIF,Halmstad,2026-04-27T17:00:00+00:00,,
fotmob,5107472,67,2022,113,1458,2022,10002,Örgryte,6544,Degerfors,Orgryte IS,Degerfors IF,2026-04-27T17:00:00+00:00,,
fotmob,5107478,67,2022,113,1458,2022,8248,Hammarby,6194,Västerås SK,Hammarby FF,Vasteras SK FK,2026-05-03T12:00:00+00:00,,
fotmob,5107479,67,2022,113,1458,2022,8297,GAIS,10002,Örgryte,Gais,Orgryte IS,2026-05-03T14:30:00+00:00,,
fotmob,5107488,67,2022,113,1458,2022,8014,Elfsborg,8501,Brommapojkarna,IF Elfsborg,IF Brommapojkarna,2026-05-08T17:00:00+00:00,,
fotmob,5107491,67,2022,113,1458,2022,6194,Västerås SK,8297,GAIS,Vasteras SK FK,Gais,2026-05-09T13:00:00+00:00,,
fotmob,5107492,67,2022,113,1458,2022,9892,Kalmar FF,8310,Halmstads BK,Kalmar FF,Halmstad,2026-05-10T12:00:00+00:00,,
fotmob,5107490,67,2022,113,1458,2022,6694,Sirius,10002,Örgryte,Sirius,Orgryte IS,2026-05-11T17:00:00+00:00,,
fotmob,5107495,67,2022,113,1458,2022,8297,GAIS,6544,Degerfors,Gais,Degerfors IF,2026-05-16T13:00:00+00:00,,
fotmob,5107500,67,2022,113,1458,2022,8310,Halmstads BK,8014,Elfsborg,Halmstad,IF Elfsborg,2026-05-16T13:00:00+00:00,,
fotmob,5107498,67,2022,113,1458,2022,8501,Brommapojkarna,9892,Kalmar FF,IF Brommapojkarna,Kalmar FF,2026-05-17T12:00:00+00:00,,
fotmob,5107499,67,2022,113,1458,2022,6194,Västerås SK,8349,AIK,Vasteras SK FK,AIK Stockholm,2026-05-17T14:30:00+00:00,,
fotmob,5107496,67,2022,113,1458,2022,10002,Örgryte,9893,IFK Göteborg,Orgryte IS,IFK Goteborg,2026-05-19T13:00:00+00:00,,
fotmob,5107552,67,2022,113,1458,2022,8297,GAIS,8248,Hammarby,Gais,Hammarby FF,2026-05-20T17:00:00+00:00,,
fotmob,5107501,67,2022,113,1458,2022,9802,Djurgården,8501,Brommapojkarna,Djurgardens IF,IF Brommapojkarna,2026-05-22T17:00:00+00:00,,
fotmob,5107506,67,2022,113,1458,2022,6694,Sirius,8297,GAIS,Sirius,Gais,2026-05-24T12:00:00+00:00,,
fotmob,5107504,67,2022,113,1458,2022,10237,Malmö FF,6194,Västerås SK,Malmo FF,Vasteras SK FK,2026-05-24T14:30:00+00:00,,
fotmob,5107511,67,2022,113,1458,2022,10002,Örgryte,8014,Elfsborg,Orgryte IS,IF Elfsborg,2026-05-29T17:00:00+00:00,,
fotmob,5107510,67,2022,113,1458,2022,8297,GAIS,9892,Kalmar FF,Gais,Kalmar FF,2026-05-30T13:00:00+00:00,,
fotmob,5107514,67,2022,113,1458,2022,10237,Malmö FF,8310,Halmstads BK,Malmo FF,Halmstad,2026-05-30T13:00:00+00:00,,
fotmob,5107515,67,2022,113,1458,2022,6544,Degerfors,8501,Brommapojkarna,Degerfors IF,IF Brommapojkarna,2026-05-31T12:00:00+00:00,,
fotmob,5107516,67,2022,113,1458,2022,6194,Västerås SK,9893,IFK Göteborg,Vasteras SK FK,IFK Goteborg,2026-05-31T12:00:00+00:00,,
fotmob,5107444,67,2023,113,1458,2023,9892,Kalmar FF,6194,Västerås SK,Kalmar FF,Vasteras SK FK,2026-04-05T12:00:00+00:00,,
fotmob,5107440,67,2023,113,1458,2023,10002,Örgryte,10237,Malmö FF,Orgryte IS,Malmo FF,2026-04-05T14:30:00+00:00,,
fotmob,5107439,67,2023,113,1458,2023,8297,GAIS,9802,Djurgården,Gais,Djurgardens IF,2026-04-06T14:30:00+00:00,,
fotmob,5107447,67,2023,113,1458,2023,8127,Mjällby,10002,Örgryte,Mjallby AIF,Orgryte IS,2026-04-11T13:00:00+00:00,,
fotmob,5107451,67,2023,113,1458,2023,6194,Västerås SK,8014,Elfsborg,Vasteras SK FK,IF Elfsborg,2026-04-11T13:00:00+00:00,,
fotmob,5107448,67,2023,113,1458,2023,10237,Malmö FF,8297,GAIS,Malmo FF,Gais,2026-04-12T14:30:00+00:00,,
fotmob,5107455,67,2023,113,1458,2023,8248,Hammarby,10002,Örgryte,Hammarby FF,Orgryte IS,2026-04-18T13:00:00+00:00,,
fotmob,5107459,67,2023,113,1458,2023,6694,Sirius,6194,Västerås SK,Sirius,Vasteras SK FK,2026-04-18T13:00:00+00:00,,
fotmob,5107456,67,2023,113,1458,2023,8428,Häcken,8297,GAIS,BK Hacken,Gais,2026-04-19T14:30:00+00:00,,
fotmob,5107467,67,2023,113,1458,2023,6194,Västerås SK,8428,Häcken,Vasteras SK FK,BK Hacken,2026-04-22T17:00:00+00:00,,
fotmob,5107462,67,2023,113,1458,2023,8297,GAIS,8127,Mjällby,Gais,Mjallby AIF,2026-04-23T17:00:00+00:00,,
fotmob,5107471,67,2023,113,1458,2023,9893,IFK Göteborg,8297,GAIS,IFK Goteborg,Gais,2026-04-26T14:30:00+00:00,,
fotmob,5107472,67,2023,113,1458,2023,10002,Örgryte,6544,Degerfors,Orgryte IS,Degerfors IF,2026-04-27T17:00:00+00:00,,
fotmob,5107478,67,2023,113,1458,2023,8248,Hammarby,6194,Västerås SK,Hammarby FF,Vasteras SK FK,2026-05-03T12:00:00+00:00,,
fotmob,5107490,67,2023,113,1458,2023,6694,Sirius,10002,Örgryte,Sirius,Orgryte IS,2026-05-11T17:00:00+00:00,,
fotmob,5107495,67,2023,113,1458,2023,8297,GAIS,6544,Degerfors,Gais,Degerfors IF,2026-05-16T13:00:00+00:00,,
fotmob,5107499,67,2023,113,1458,2023,6194,Västerås SK,8349,AIK,Vasteras SK FK,AIK Stockholm,2026-05-17T14:30:00+00:00,,
fotmob,5107496,67,2023,113,1458,2023,10002,Örgryte,9893,IFK Göteborg,Orgryte IS,IFK Goteborg,2026-05-19T13:00:00+00:00,,
fotmob,5107552,67,2023,113,1458,2023,8297,GAIS,8248,Hammarby,Gais,Hammarby FF,2026-05-20T17:00:00+00:00,,
fotmob,5107506,67,2023,113,1458,2023,6694,Sirius,8297,GAIS,Sirius,Gais,2026-05-24T12:00:00+00:00,,
fotmob,5107504,67,2023,113,1458,2023,10237,Malmö FF,6194,Västerås SK,Malmo FF,Vasteras SK FK,2026-05-24T14:30:00+00:00,,
fotmob,5107511,67,2023,113,1458,2023,10002,Örgryte,8014,Elfsborg,Orgryte IS,IF Elfsborg,2026-05-29T17:00:00+00:00,,
fotmob,5107510,67,2023,113,1458,2023,8297,GAIS,9892,Kalmar FF,Gais,Kalmar FF,2026-05-30T13:00:00+00:00,,
fotmob,5107516,67,2023,113,1458,2023,6194,Västerås SK,9893,IFK Göteborg,Vasteras SK FK,IFK Goteborg,2026-05-31T12:00:00+00:00,,
fotmob,5125446,168,2022,114,1491,2022,9859,Helsingborg,8641,Östers IF,Helsingborg,Osters IF,2026-04-03T13:00:00+00:00,,
fotmob,5125451,168,2022,114,1491,2022,8359,GIF Sundsvall,1144284,Nordic United FC,GIF Sundsvall,United Nordic,2026-04-06T11:00:00+00:00,,
fotmob,5125452,168,2022,114,1491,2022,6692,Varbergs BoIS FC,2004,Östersunds FK,Varbergs BoIS FC,Ostersunds FK,2026-04-06T13:00:00+00:00,,
fotmob,5125449,168,2022,114,1491,2022,6160,IK Oddevold,6241,Sandvikens IF,Oddevold,Sandviken,2026-04-07T17:00:00+00:00,,
fotmob,5125455,168,2022,114,1491,2022,8500,Ljungskile,8449,IFK Norrköping,Ljungskile SK,IFK Norrkoping,2026-04-11T11:00:00+00:00,,
fotmob,5125456,168,2022,114,1491,2022,1144284,Nordic United FC,9859,Helsingborg,United Nordic,Helsingborg,2026-04-11T13:00:00+00:00,,
fotmob,5125453,168,2022,114,1491,2022,6690,IK Brage,6160,IK Oddevold,IK brage,Oddevold,2026-04-12T13:00:00+00:00,,
fotmob,5125454,168,2022,114,1491,2022,8511,Landskrona BoIS,6545,Falkenbergs FF,Landskrona BoIS,Falkenbergs FF,2026-04-12T13:00:00+00:00,,
fotmob,5125459,168,2022,114,1491,2022,6241,Sandvikens IF,6692,Varbergs BoIS FC,Sandviken,Varbergs BoIS FC,2026-04-12T15:00:00+00:00,,
fotmob,5125468,168,2022,114,1491,2022,6692,Varbergs BoIS FC,1144284,Nordic United FC,Varbergs BoIS FC,United Nordic,2026-04-18T11:00:00+00:00,,
fotmob,5125466,168,2022,114,1491,2022,6241,Sandvikens IF,6181,IFK Värnamo,Sandviken,IFK Varnamo,2026-04-18T13:00:00+00:00,,
fotmob,5125462,168,2022,114,1491,2022,8511,Landskrona BoIS,8500,Ljungskile,Landskrona BoIS,Ljungskile SK,2026-04-18T15:00:00+00:00,,
fotmob,5125463,168,2022,114,1491,2022,2014,Norrby,6545,Falkenbergs FF,Norrby IF,Falkenbergs FF,2026-04-19T11:00:00+00:00,,
fotmob,5125461,168,2022,114,1491,2022,9859,Helsingborg,2004,Östersunds FK,Helsingborg,Ostersunds FK,2026-04-19T13:00:00+00:00,,
fotmob,5125464,168,2022,114,1491,2022,6160,IK Oddevold,8641,Östers IF,Oddevold,Osters IF,2026-04-20T17:00:00+00:00,,
fotmob,5125467,168,2022,114,1491,2022,8359,GIF Sundsvall,6690,IK Brage,GIF Sundsvall,IK brage,2026-04-20T17:05:00+00:00,,
fotmob,5125465,168,2022,114,1491,2022,8527,Örebro,8449,IFK Norrköping,Orebro SK,IFK Norrkoping,2026-04-21T17:00:00+00:00,,
fotmob,5125471,168,2022,114,1491,2022,8500,Ljungskile,9859,Helsingborg,Ljungskile SK,Helsingborg,2026-04-24T17:00:00+00:00,,
fotmob,5125470,168,2022,114,1491,2022,6545,Falkenbergs FF,8359,GIF Sundsvall,Falkenbergs FF,GIF Sundsvall,2026-04-25T13:00:00+00:00,,
fotmob,5125472,168,2022,114,1491,2022,1144284,Nordic United FC,6241,Sandvikens IF,United Nordic,Sandviken,2026-04-25T15:00:00+00:00,,
fotmob,5125476,168,2022,114,1491,2022,6181,IFK Värnamo,6160,IK Oddevold,IFK Varnamo,Oddevold,2026-04-26T11:00:00+00:00,,
fotmob,5125469,168,2022,114,1491,2022,6690,IK Brage,6692,Varbergs BoIS FC,IK brage,Varbergs BoIS FC,2026-04-26T13:00:00+00:00,,
fotmob,5125473,168,2022,114,1491,2022,8449,IFK Norrköping,8511,Landskrona BoIS,IFK Norrkoping,Landskrona BoIS,2026-04-28T17:00:00+00:00,,
fotmob,5125480,168,2022,114,1491,2022,8500,Ljungskile,1144284,Nordic United FC,Ljungskile SK,United Nordic,2026-05-02T11:00:00+00:00,,
fotmob,5125482,168,2022,114,1491,2022,6241,Sandvikens IF,2014,Norrby,Sandviken,Norrby IF,2026-05-02T13:00:00+00:00,,
fotmob,5125484,168,2022,114,1491,2022,6692,Varbergs BoIS FC,8527,Örebro,Varbergs BoIS FC,Orebro SK,2026-05-02T13:00:00+00:00,,
fotmob,5125483,168,2022,114,1491,2022,8359,GIF Sundsvall,6160,IK Oddevold,GIF Sundsvall,Oddevold,2026-05-02T15:00:00+00:00,,
fotmob,5125481,168,2022,114,1491,2022,2004,Östersunds FK,6181,IFK Värnamo,Ostersunds FK,IFK Varnamo,2026-05-03T11:00:00+00:00,,
fotmob,5125478,168,2022,114,1491,2022,9859,Helsingborg,6690,IK Brage,Helsingborg,IK brage,2026-05-03T13:00:00+00:00,,
fotmob,5125477,168,2022,114,1491,2022,6545,Falkenbergs FF,8449,IFK Norrköping,Falkenbergs FF,IFK Norrkoping,2026-05-05T17:00:00+00:00,,
fotmob,5125487,168,2022,114,1491,2022,6160,IK Oddevold,8511,Landskrona BoIS,Oddevold,Landskrona BoIS,2026-05-09T11:00:00+00:00,,
fotmob,5125485,168,2022,114,1491,2022,1144284,Nordic United FC,8641,Östers IF,United Nordic,Osters IF,2026-05-09T11:00:00+00:00,,
fotmob,5125486,168,2022,114,1491,2022,2014,Norrby,9859,Helsingborg,Norrby IF,Helsingborg,2026-05-09T13:00:00+00:00,,
fotmob,5125490,168,2022,114,1491,2022,6241,Sandvikens IF,8500,Ljungskile,Sandviken,Ljungskile SK,2026-05-09T15:00:00+00:00,,
fotmob,5125500,168,2022,114,1491,2022,6181,IFK Värnamo,8527,Örebro,IFK Varnamo,Orebro SK,2026-05-12T17:00:00+00:00,,
fotmob,5125494,168,2022,114,1491,2022,6545,Falkenbergs FF,6692,Varbergs BoIS FC,Falkenbergs FF,Varbergs BoIS FC,2026-05-13T17:00:00+00:00,,
fotmob,5125495,168,2022,114,1491,2022,9859,Helsingborg,6160,IK Oddevold,Helsingborg,Oddevold,2026-05-13T17:00:00+00:00,,
fotmob,5125498,168,2022,114,1491,2022,8449,IFK Norrköping,1144284,Nordic United FC,IFK Norrkoping,United Nordic,2026-05-13T17:00:00+00:00,,
fotmob,5125499,168,2022,114,1491,2022,8641,Östers IF,6241,Sandvikens IF,Osters IF,Sandviken,2026-05-13T17:00:00+00:00,,
fotmob,5125497,168,2022,114,1491,2022,8500,Ljungskile,8359,GIF Sundsvall,Ljungskile SK,GIF Sundsvall,2026-05-14T15:00:00+00:00,,
fotmob,5125501,168,2022,114,1491,2022,6690,IK Brage,8449,IFK Norrköping,IK brage,IFK Norrkoping,2026-05-16T15:00:00+00:00,,
fotmob,5125506,168,2022,114,1491,2022,2004,Östersunds FK,6241,Sandvikens IF,Ostersunds FK,Sandviken,2026-05-17T11:00:00+00:00,,
fotmob,5125503,168,2022,114,1491,2022,1144284,Nordic United FC,6545,Falkenbergs FF,United Nordic,Falkenbergs FF,2026-05-17T13:00:00+00:00,,
fotmob,5125505,168,2022,114,1491,2022,8641,Östers IF,8500,Ljungskile,Osters IF,Ljungskile SK,2026-05-17T13:00:00+00:00,,
fotmob,5125508,168,2022,114,1491,2022,6181,IFK Värnamo,2014,Norrby,IFK Varnamo,Norrby IF,2026-05-17T15:00:00+00:00,,
fotmob,5125507,168,2022,114,1491,2022,8359,GIF Sundsvall,8511,Landskrona BoIS,GIF Sundsvall,Landskrona BoIS,2026-05-18T17:00:00+00:00,,
fotmob,5125504,168,2022,114,1491,2022,6160,IK Oddevold,8527,Örebro,Oddevold,Orebro SK,2026-05-18T17:05:00+00:00,,
fotmob,5125511,168,2022,114,1491,2022,2014,Norrby,8500,Ljungskile,Norrby IF,Ljungskile SK,2026-05-23T11:00:00+00:00,,
fotmob,5125513,168,2022,114,1491,2022,6160,IK Oddevold,2004,Östersunds FK,Oddevold,Ostersunds FK,2026-05-23T13:00:00+00:00,,
fotmob,5125510,168,2022,114,1491,2022,1144284,Nordic United FC,6690,IK Brage,United Nordic,IK brage,2026-05-23T13:00:00+00:00,,
fotmob,5125509,168,2022,114,1491,2022,6545,Falkenbergs FF,6181,IFK Värnamo,Falkenbergs FF,IFK Varnamo,2026-05-23T15:00:00+00:00,,
fotmob,5125515,168,2022,114,1491,2022,6241,Sandvikens IF,8511,Landskrona BoIS,Sandviken,Landskrona BoIS,2026-05-24T15:00:00+00:00,,
fotmob,5125512,168,2022,114,1491,2022,8449,IFK Norrköping,8641,Östers IF,IFK Norrkoping,Osters IF,2026-05-25T17:05:00+00:00,,
fotmob,5125514,168,2022,114,1491,2022,8527,Örebro,9859,Helsingborg,Orebro SK,Helsingborg,2026-05-26T17:00:00+00:00,,
fotmob,5125520,168,2022,114,1491,2022,8500,Ljungskile,6692,Varbergs BoIS FC,Ljungskile SK,Varbergs BoIS FC,2026-05-30T11:00:00+00:00,,
fotmob,5125523,168,2022,114,1491,2022,8359,GIF Sundsvall,6241,Sandvikens IF,GIF Sundsvall,Sandviken,2026-05-30T13:00:00+00:00,,
fotmob,5125524,168,2022,114,1491,2022,6181,IFK Värnamo,1144284,Nordic United FC,IFK Varnamo,United Nordic,2026-05-31T13:00:00+00:00,,
fotmob,5125525,168,2022,114,1491,2022,6690,IK Brage,8500,Ljungskile,IK brage,Ljungskile SK,2026-06-09T17:00:00+00:00,,
fotmob,5125528,168,2022,114,1491,2022,6160,IK Oddevold,8449,IFK Norrköping,Oddevold,IFK Norrkoping,2026-06-09T17:00:00+00:00,,
fotmob,5125527,168,2022,114,1491,2022,1144284,Nordic United FC,2004,Östersunds FK,United Nordic,Ostersunds FK,2026-06-09T17:00:00+00:00,,
fotmob,5125530,168,2022,114,1491,2022,8641,Östers IF,6181,IFK Värnamo,Osters IF,IFK Varnamo,2026-06-09T17:00:00+00:00,,
fotmob,5125531,168,2022,114,1491,2022,6241,Sandvikens IF,6545,Falkenbergs FF,Sandviken,Falkenbergs FF,2026-06-09T17:00:00+00:00,,
fotmob,5125529,168,2022,114,1491,2022,8527,Örebro,8359,GIF Sundsvall,Orebro SK,GIF Sundsvall,2026-06-10T17:00:00+00:00,,
fotmob,5125532,168,2022,114,1491,2022,6692,Varbergs BoIS FC,2014,Norrby,Varbergs BoIS FC,Norrby IF,2026-06-10T17:00:00+00:00,,
fotmob,5125526,168,2022,114,1491,2022,9859,Helsingborg,8511,Landskrona BoIS,Helsingborg,Landskrona BoIS,2026-06-11T17:00:00+00:00,,
fotmob,5125536,168,2022,114,1491,2022,2014,Norrby,6160,IK Oddevold,Norrby IF,Oddevold,2026-06-14T11:00:00+00:00,,
fotmob,5125533,168,2022,114,1491,2022,6545,Falkenbergs FF,8527,Örebro,Falkenbergs FF,Orebro SK,2026-06-14T13:00:00+00:00,,
fotmob,5125535,168,2022,114,1491,2022,8500,Ljungskile,2004,Östersunds FK,Ljungskile SK,Ostersunds FK,2026-06-14T13:00:00+00:00,,
fotmob,5125538,168,2022,114,1491,2022,6241,Sandvikens IF,6690,IK Brage,Sandviken,IK brage,2026-06-14T15:00:00+00:00,,
fotmob,5125539,168,2022,114,1491,2022,8359,GIF Sundsvall,8641,Östers IF,GIF Sundsvall,Osters IF,2026-06-15T17:00:00+00:00,,
fotmob,5125534,168,2022,114,1491,2022,8511,Landskrona BoIS,1144284,Nordic United FC,Landskrona BoIS,United Nordic,2026-06-16T17:00:00+00:00,,
fotmob,5125541,168,2022,114,1491,2022,6690,IK Brage,6181,IFK Värnamo,IK brage,IFK Varnamo,2026-06-21T13:00:00+00:00,,
fotmob,5125546,168,2022,114,1491,2022,8641,Östers IF,6545,Falkenbergs FF,Osters IF,Falkenbergs FF,2026-06-21T13:00:00+00:00,,
fotmob,5125543,168,2022,114,1491,2022,2014,Norrby,1144284,Nordic United FC,Norrby IF,United Nordic,2026-06-21T15:00:00+00:00,,
fotmob,5125547,168,2022,114,1491,2022,2004,Östersunds FK,8449,IFK Norrköping,Ostersunds FK,IFK Norrkoping,2026-06-21T15:00:00+00:00,,
fotmob,5125548,168,2022,114,1491,2022,6692,Varbergs BoIS FC,8511,Landskrona BoIS,Varbergs BoIS FC,Landskrona BoIS,2026-06-22T17:00:00+00:00,,
fotmob,5125545,168,2022,114,1491,2022,8527,Örebro,6241,Sandvikens IF,Orebro SK,Sandviken,2026-06-22T17:05:00+00:00,,
fotmob,5125451,168,2023,114,1491,2023,8359,GIF Sundsvall,1144284,Nordic United FC,GIF Sundsvall,United Nordic,2026-04-06T11:00:00+00:00,,
fotmob,5125452,168,2023,114,1491,2023,6692,Varbergs BoIS FC,2004,Östersunds FK,Varbergs BoIS FC,Ostersunds FK,2026-04-06T13:00:00+00:00,,
fotmob,5125449,168,2023,114,1491,2023,6160,IK Oddevold,6241,Sandvikens IF,Oddevold,Sandviken,2026-04-07T17:00:00+00:00,,
fotmob,5125455,168,2023,114,1491,2023,8500,Ljungskile,8449,IFK Norrköping,Ljungskile SK,IFK Norrkoping,2026-04-11T11:00:00+00:00,,
fotmob,5125456,168,2023,114,1491,2023,1144284,Nordic United FC,9859,Helsingborg,United Nordic,Helsingborg,2026-04-11T13:00:00+00:00,,
fotmob,5125453,168,2023,114,1491,2023,6690,IK Brage,6160,IK Oddevold,IK brage,Oddevold,2026-04-12T13:00:00+00:00,,
fotmob,5125454,168,2023,114,1491,2023,8511,Landskrona BoIS,6545,Falkenbergs FF,Landskrona BoIS,Falkenbergs FF,2026-04-12T13:00:00+00:00,,
fotmob,5125459,168,2023,114,1491,2023,6241,Sandvikens IF,6692,Varbergs BoIS FC,Sandviken,Varbergs BoIS FC,2026-04-12T15:00:00+00:00,,
fotmob,5125468,168,2023,114,1491,2023,6692,Varbergs BoIS FC,1144284,Nordic United FC,Varbergs BoIS FC,United Nordic,2026-04-18T11:00:00+00:00,,
fotmob,5125466,168,2023,114,1491,2023,6241,Sandvikens IF,6181,IFK Värnamo,Sandviken,IFK Varnamo,2026-04-18T13:00:00+00:00,,
fotmob,5125462,168,2023,114,1491,2023,8511,Landskrona BoIS,8500,Ljungskile,Landskrona BoIS,Ljungskile SK,2026-04-18T15:00:00+00:00,,
fotmob,5125464,168,2023,114,1491,2023,6160,IK Oddevold,8641,Östers IF,Oddevold,Osters IF,2026-04-20T17:00:00+00:00,,
fotmob,5125465,168,2023,114,1491,2023,8527,Örebro,8449,IFK Norrköping,Orebro SK,IFK Norrkoping,2026-04-21T17:00:00+00:00,,
fotmob,5125471,168,2023,114,1491,2023,8500,Ljungskile,9859,Helsingborg,Ljungskile SK,Helsingborg,2026-04-24T17:00:00+00:00,,
fotmob,5125470,168,2023,114,1491,2023,6545,Falkenbergs FF,8359,GIF Sundsvall,Falkenbergs FF,GIF Sundsvall,2026-04-25T13:00:00+00:00,,
fotmob,5125476,168,2023,114,1491,2023,6181,IFK Värnamo,6160,IK Oddevold,IFK Varnamo,Oddevold,2026-04-26T11:00:00+00:00,,
fotmob,5125469,168,2023,114,1491,2023,6690,IK Brage,6692,Varbergs BoIS FC,IK brage,Varbergs BoIS FC,2026-04-26T13:00:00+00:00,,
fotmob,5125473,168,2023,114,1491,2023,8449,IFK Norrköping,8511,Landskrona BoIS,IFK Norrkoping,Landskrona BoIS,2026-04-28T17:00:00+00:00,,
fotmob,5125480,168,2023,114,1491,2023,8500,Ljungskile,1144284,Nordic United FC,Ljungskile SK,United Nordic,2026-05-02T11:00:00+00:00,,
fotmob,5125482,168,2023,114,1491,2023,6241,Sandvikens IF,2014,Norrby,Sandviken,Norrby IF,2026-05-02T13:00:00+00:00,,
fotmob,5125484,168,2023,114,1491,2023,6692,Varbergs BoIS FC,8527,Örebro,Varbergs BoIS FC,Orebro SK,2026-05-02T13:00:00+00:00,,
fotmob,5125483,168,2023,114,1491,2023,8359,GIF Sundsvall,6160,IK Oddevold,GIF Sundsvall,Oddevold,2026-05-02T15:00:00+00:00,,
fotmob,5125481,168,2023,114,1491,2023,2004,Östersunds FK,6181,IFK Värnamo,Ostersunds FK,IFK Varnamo,2026-05-03T11:00:00+00:00,,
fotmob,5125477,168,2023,114,1491,2023,6545,Falkenbergs FF,8449,IFK Norrköping,Falkenbergs FF,IFK Norrkoping,2026-05-05T17:00:00+00:00,,
fotmob,5125487,168,2023,114,1491,2023,6160,IK Oddevold,8511,Landskrona BoIS,Oddevold,Landskrona BoIS,2026-05-09T11:00:00+00:00,,
fotmob,5125485,168,2023,114,1491,2023,1144284,Nordic United FC,8641,Östers IF,United Nordic,Osters IF,2026-05-09T11:00:00+00:00,,
fotmob,5125486,168,2023,114,1491,2023,2014,Norrby,9859,Helsingborg,Norrby IF,Helsingborg,2026-05-09T13:00:00+00:00,,
fotmob,5125490,168,2023,114,1491,2023,6241,Sandvikens IF,8500,Ljungskile,Sandviken,Ljungskile SK,2026-05-09T15:00:00+00:00,,
fotmob,5125500,168,2023,114,1491,2023,6181,IFK Värnamo,8527,Örebro,IFK Varnamo,Orebro SK,2026-05-12T17:00:00+00:00,,
fotmob,5125494,168,2023,114,1491,2023,6545,Falkenbergs FF,6692,Varbergs BoIS FC,Falkenbergs FF,Varbergs BoIS FC,2026-05-13T17:00:00+00:00,,
fotmob,5125495,168,2023,114,1491,2023,9859,Helsingborg,6160,IK Oddevold,Helsingborg,Oddevold,2026-05-13T17:00:00+00:00,,
fotmob,5125498,168,2023,114,1491,2023,8449,IFK Norrköping,1144284,Nordic United FC,IFK Norrkoping,United Nordic,2026-05-13T17:00:00+00:00,,
fotmob,5125499,168,2023,114,1491,2023,8641,Östers IF,6241,Sandvikens IF,Osters IF,Sandviken,2026-05-13T17:00:00+00:00,,
fotmob,5125497,168,2023,114,1491,2023,8500,Ljungskile,8359,GIF Sundsvall,Ljungskile SK,GIF Sundsvall,2026-05-14T15:00:00+00:00,,
fotmob,5125501,168,2023,114,1491,2023,6690,IK Brage,8449,IFK Norrköping,IK brage,IFK Norrkoping,2026-05-16T15:00:00+00:00,,
fotmob,5125506,168,2023,114,1491,2023,2004,Östersunds FK,6241,Sandvikens IF,Ostersunds FK,Sandviken,2026-05-17T11:00:00+00:00,,
fotmob,5125503,168,2023,114,1491,2023,1144284,Nordic United FC,6545,Falkenbergs FF,United Nordic,Falkenbergs FF,2026-05-17T13:00:00+00:00,,
fotmob,5125505,168,2023,114,1491,2023,8641,Östers IF,8500,Ljungskile,Osters IF,Ljungskile SK,2026-05-17T13:00:00+00:00,,
fotmob,5125508,168,2023,114,1491,2023,6181,IFK Värnamo,2014,Norrby,IFK Varnamo,Norrby IF,2026-05-17T15:00:00+00:00,,
fotmob,5125504,168,2023,114,1491,2023,6160,IK Oddevold,8527,Örebro,Oddevold,Orebro SK,2026-05-18T17:05:00+00:00,,
fotmob,5125513,168,2023,114,1491,2023,6160,IK Oddevold,2004,Östersunds FK,Oddevold,Ostersunds FK,2026-05-23T13:00:00+00:00,,
fotmob,5125510,168,2023,114,1491,2023,1144284,Nordic United FC,6690,IK Brage,United Nordic,IK brage,2026-05-23T13:00:00+00:00,,
fotmob,5125509,168,2023,114,1491,2023,6545,Falkenbergs FF,6181,IFK Värnamo,Falkenbergs FF,IFK Varnamo,2026-05-23T15:00:00+00:00,,
fotmob,5125515,168,2023,114,1491,2023,6241,Sandvikens IF,8511,Landskrona BoIS,Sandviken,Landskrona BoIS,2026-05-24T15:00:00+00:00,,
fotmob,5125512,168,2023,114,1491,2023,8449,IFK Norrköping,8641,Östers IF,IFK Norrkoping,Osters IF,2026-05-25T17:05:00+00:00,,
fotmob,5125520,168,2023,114,1491,2023,8500,Ljungskile,6692,Varbergs BoIS FC,Ljungskile SK,Varbergs BoIS FC,2026-05-30T11:00:00+00:00,,
fotmob,5125523,168,2023,114,1491,2023,8359,GIF Sundsvall,6241,Sandvikens IF,GIF Sundsvall,Sandviken,2026-05-30T13:00:00+00:00,,
fotmob,5125524,168,2023,114,1491,2023,6181,IFK Värnamo,1144284,Nordic United FC,IFK Varnamo,United Nordic,2026-05-31T13:00:00+00:00,,
fotmob,5125525,168,2023,114,1491,2023,6690,IK Brage,8500,Ljungskile,IK brage,Ljungskile SK,2026-06-09T17:00:00+00:00,,
fotmob,5125528,168,2023,114,1491,2023,6160,IK Oddevold,8449,IFK Norrköping,Oddevold,IFK Norrkoping,2026-06-09T17:00:00+00:00,,
fotmob,5125527,168,2023,114,1491,2023,1144284,Nordic United FC,2004,Östersunds FK,United Nordic,Ostersunds FK,2026-06-09T17:00:00+00:00,,
fotmob,5125530,168,2023,114,1491,2023,8641,Östers IF,6181,IFK Värnamo,Osters IF,IFK Varnamo,2026-06-09T17:00:00+00:00,,
fotmob,5125531,168,2023,114,1491,2023,6241,Sandvikens IF,6545,Falkenbergs FF,Sandviken,Falkenbergs FF,2026-06-09T17:00:00+00:00,,
fotmob,5125532,168,2023,114,1491,2023,6692,Varbergs BoIS FC,2014,Norrby,Varbergs BoIS FC,Norrby IF,2026-06-10T17:00:00+00:00,,
fotmob,5125533,168,2023,114,1491,2023,6545,Falkenbergs FF,8527,Örebro,Falkenbergs FF,Orebro SK,2026-06-14T13:00:00+00:00,,
fotmob,5125535,168,2023,114,1491,2023,8500,Ljungskile,2004,Östersunds FK,Ljungskile SK,Ostersunds FK,2026-06-14T13:00:00+00:00,,
fotmob,5125538,168,2023,114,1491,2023,6241,Sandvikens IF,6690,IK Brage,Sandviken,IK brage,2026-06-14T15:00:00+00:00,,
fotmob,5125534,168,2023,114,1491,2023,8511,Landskrona BoIS,1144284,Nordic United FC,Landskrona BoIS,United Nordic,2026-06-16T17:00:00+00:00,,
fotmob,5125541,168,2023,114,1491,2023,6690,IK Brage,6181,IFK Värnamo,IK brage,IFK Varnamo,2026-06-21T13:00:00+00:00,,
fotmob,5125546,168,2023,114,1491,2023,8641,Östers IF,6545,Falkenbergs FF,Osters IF,Falkenbergs FF,2026-06-21T13:00:00+00:00,,
fotmob,5125543,168,2023,114,1491,2023,2014,Norrby,1144284,Nordic United FC,Norrby IF,United Nordic,2026-06-21T15:00:00+00:00,,
fotmob,5125547,168,2023,114,1491,2023,2004,Östersunds FK,8449,IFK Norrköping,Ostersunds FK,IFK Norrkoping,2026-06-21T15:00:00+00:00,,
fotmob,5125548,168,2023,114,1491,2023,6692,Varbergs BoIS FC,8511,Landskrona BoIS,Varbergs BoIS FC,Landskrona BoIS,2026-06-22T17:00:00+00:00,,
fotmob,5125545,168,2023,114,1491,2023,8527,Örebro,6241,Sandvikens IF,Orebro SK,Sandviken,2026-06-22T17:05:00+00:00,,
fotmob,3918358,140,2022,141,1453,2022,8696,Racing Santander,161771,Villarreal B,Racing Santander,Villarreal,2022-08-14T15:30:00+00:00,,
fotmob,3918347,140,2022,141,1453,2022,161771,Villarreal B,8372,Eibar,Villarreal,Eibar,2022-08-19T18:00:00+00:00,,
fotmob,3918383,140,2022,141,1453,2022,7878,Granada,161771,Villarreal B,Granada CF,Villarreal,2022-08-29T18:00:00+00:00,,
fotmob,3918380,140,2022,141,1453,2022,161771,Villarreal B,4032,CD Mirandes,Villarreal,Mirandes,2022-09-03T14:15:00+00:00,,
fotmob,3918369,140,2022,141,1453,2022,8581,Levante,161771,Villarreal B,Levante,Villarreal,2022-09-10T19:00:00+00:00,,
fotmob,3918426,140,2022,141,1453,2022,161771,Villarreal B,8206,Lugo,Villarreal,Lugo,2022-09-17T12:00:00+00:00,,
fotmob,3918428,140,2022,141,1453,2022,9864,Malaga,161771,Villarreal B,Malaga,Villarreal,2022-09-24T16:30:00+00:00,,
fotmob,3918432,140,2022,141,1453,2022,161771,Villarreal B,7876,Burgos CF,Villarreal,Burgos,2022-10-01T19:00:00+00:00,,
fotmob,3918399,140,2022,141,1453,2022,9869,Sporting Gijon,161771,Villarreal B,Sporting Gijon,Villarreal,2022-10-07T19:00:00+00:00,,
fotmob,3918450,140,2022,141,1453,2022,161771,Villarreal B,8005,Ponferradina,Villarreal,Ponferradina,2022-10-12T12:00:00+00:00,,
fotmob,3918440,140,2022,141,1453,2022,8394,Real Zaragoza,161771,Villarreal B,Zaragoza,Villarreal,2022-10-15T14:15:00+00:00,,
fotmob,3918583,140,2022,141,1453,2022,161771,Villarreal B,494050,FC Andorra,Villarreal,FC Andorra,2022-10-22T14:15:00+00:00,,
fotmob,3918456,140,2022,141,1453,2022,8393,Albacete,161771,Villarreal B,Albacete,Villarreal,2022-10-30T20:00:00+00:00,,
fotmob,3918481,140,2022,141,1453,2022,161771,Villarreal B,8670,Real Oviedo,Villarreal,Oviedo,2022-11-02T18:00:00+00:00,,
fotmob,3918490,140,2022,141,1453,2022,96925,SD Huesca,161771,Villarreal B,Huesca,Villarreal,2022-11-05T17:30:00+00:00,,
fotmob,3918505,140,2022,141,1453,2022,161771,Villarreal B,1123073,UD Ibiza,Villarreal,Ibiza,2022-11-20T13:00:00+00:00,,
fotmob,3918500,140,2022,141,1453,2022,9866,Deportivo Alaves,161771,Villarreal B,Alaves,Villarreal,2022-11-26T15:15:00+00:00,,
fotmob,3918546,140,2022,141,1453,2022,161771,Villarreal B,7854,Leganes,Villarreal,Leganes,2022-12-03T20:00:00+00:00,,
fotmob,3918540,140,2022,141,1453,2022,8554,Cartagena,161771,Villarreal B,FC Cartagena,Villarreal,2022-12-07T18:00:00+00:00,,
fotmob,3918523,140,2022,141,1453,2022,161771,Villarreal B,9867,Tenerife,Villarreal,Tenerife,2022-12-10T18:00:00+00:00,,
fotmob,3918534,140,2022,141,1453,2022,161771,Villarreal B,8306,Las Palmas,Villarreal,Las Palmas,2022-12-17T17:30:00+00:00,,
fotmob,3918581,140,2022,141,1453,2022,8005,Ponferradina,161771,Villarreal B,Ponferradina,Villarreal,2023-01-06T15:15:00+00:00,,
fotmob,3918570,140,2022,141,1453,2022,161771,Villarreal B,8394,Real Zaragoza,Villarreal,Zaragoza,2023-01-14T15:15:00+00:00,,
fotmob,3918611,140,2022,141,1453,2022,8206,Lugo,161771,Villarreal B,Lugo,Villarreal,2023-01-22T20:00:00+00:00,,
fotmob,3918616,140,2022,141,1453,2022,8670,Real Oviedo,161771,Villarreal B,Oviedo,Villarreal,2023-01-28T17:30:00+00:00,,
fotmob,3918633,140,2022,141,1453,2022,161771,Villarreal B,7878,Granada,Villarreal,Granada CF,2023-02-05T13:00:00+00:00,,
fotmob,3918627,140,2022,141,1453,2022,4032,CD Mirandes,161771,Villarreal B,Mirandes,Villarreal,2023-02-11T17:30:00+00:00,,
fotmob,3918671,140,2022,141,1453,2022,161771,Villarreal B,8696,Racing Santander,Villarreal,Racing Santander,2023-02-19T20:00:00+00:00,,
fotmob,3918663,140,2022,141,1453,2022,8372,Eibar,161771,Villarreal B,Eibar,Villarreal,2023-02-24T20:00:00+00:00,,
fotmob,3918662,140,2022,141,1453,2022,161771,Villarreal B,9866,Deportivo Alaves,Villarreal,Alaves,2023-03-06T20:00:00+00:00,,
fotmob,3918665,140,2022,141,1453,2022,1123073,UD Ibiza,161771,Villarreal B,Ibiza,Villarreal,2023-03-11T17:30:00+00:00,,
fotmob,3918701,140,2022,141,1453,2022,161771,Villarreal B,8554,Cartagena,Villarreal,FC Cartagena,2023-03-19T17:30:00+00:00,,
fotmob,3918716,140,2022,141,1453,2022,161771,Villarreal B,96925,SD Huesca,Villarreal,Huesca,2023-03-26T16:30:00+00:00,,
fotmob,3918696,140,2022,141,1453,2022,9867,Tenerife,161771,Villarreal B,Tenerife,Villarreal,2023-04-01T16:30:00+00:00,,
fotmob,3918693,140,2022,141,1453,2022,161771,Villarreal B,9864,Malaga,Villarreal,Malaga,2023-04-07T19:00:00+00:00,,
fotmob,3918689,140,2022,141,1453,2022,7854,Leganes,161771,Villarreal B,Leganes,Villarreal,2023-04-16T19:00:00+00:00,,
fotmob,3918746,140,2022,141,1453,2022,161771,Villarreal B,8393,Albacete,Villarreal,Albacete,2023-04-22T12:00:00+00:00,,
fotmob,3918747,140,2022,141,1453,2022,7876,Burgos CF,161771,Villarreal B,Burgos,Villarreal,2023-05-01T19:00:00+00:00,,
fotmob,3918782,140,2022,141,1453,2022,161771,Villarreal B,9869,Sporting Gijon,Villarreal,Sporting Gijon,2023-05-07T12:00:00+00:00,,
fotmob,3918773,140,2022,141,1453,2022,8306,Las Palmas,161771,Villarreal B,Las Palmas,Villarreal,2023-05-14T19:00:00+00:00,,
fotmob,3918754,140,2022,141,1453,2022,161771,Villarreal B,8581,Levante,Villarreal,Levante,2023-05-20T16:30:00+00:00,,
fotmob,3918804,140,2022,141,1453,2022,494050,FC Andorra,161771,Villarreal B,FC Andorra,Villarreal,2023-05-27T14:15:00+00:00,,
fotmob,4217319,140,2023,141,1453,2023,8394,Real Zaragoza,161771,Villarreal B,Zaragoza,Villarreal,2023-08-12T19:00:00+00:00,,
fotmob,4217353,140,2023,141,1453,2023,161771,Villarreal B,8288,Eldense,Villarreal,Eldense,2023-08-21T17:00:00+00:00,,
fotmob,4217339,140,2023,141,1453,2023,10268,Elche,161771,Villarreal B,Elche,Villarreal,2023-08-26T19:30:00+00:00,,
fotmob,4217368,140,2023,141,1453,2023,161771,Villarreal B,8554,Cartagena,Villarreal,FC Cartagena,2023-09-02T19:00:00+00:00,,
fotmob,4217363,140,2023,141,1453,2023,8474,Racing de Ferrol,161771,Villarreal B,Racing Ferrol,Villarreal,2023-09-10T14:15:00+00:00,,
fotmob,4217398,140,2023,141,1453,2023,96925,SD Huesca,161771,Villarreal B,Huesca,Villarreal,2023-09-16T14:15:00+00:00,,
fotmob,4217377,140,2023,141,1453,2023,161771,Villarreal B,189624,SD Amorebieta,Villarreal,Amorebieta,2023-09-24T12:00:00+00:00,,
fotmob,4217389,140,2023,141,1453,2023,161771,Villarreal B,161750,Alcorcon,Villarreal,Alcorcon,2023-09-30T19:00:00+00:00,,
fotmob,4217412,140,2023,141,1453,2023,8581,Levante,161771,Villarreal B,Levante,Villarreal,2023-10-03T17:00:00+00:00,,
fotmob,4217446,140,2023,141,1453,2023,161771,Villarreal B,8558,Espanyol,Villarreal,Espanyol,2023-10-09T19:00:00+00:00,,
fotmob,4217455,140,2023,141,1453,2023,7876,Burgos CF,161771,Villarreal B,Burgos,Villarreal,2023-10-15T12:00:00+00:00,,
fotmob,4217427,140,2023,141,1453,2023,161771,Villarreal B,4032,CD Mirandes,Villarreal,Mirandes,2023-10-21T14:15:00+00:00,,
fotmob,4217432,140,2023,141,1453,2023,7854,Leganes,161771,Villarreal B,Leganes,Villarreal,2023-10-29T17:30:00+00:00,,
fotmob,4217482,140,2023,141,1453,2023,161771,Villarreal B,9869,Sporting Gijon,Villarreal,Sporting Gijon,2023-11-04T15:15:00+00:00,,
fotmob,4217501,140,2023,141,1453,2023,9867,Tenerife,161771,Villarreal B,Tenerife,Villarreal,2023-11-12T17:30:00+00:00,,
fotmob,4217322,140,2023,141,1453,2023,161771,Villarreal B,494050,FC Andorra,Villarreal,FC Andorra,2023-11-19T17:30:00+00:00,,
fotmob,4217468,140,2023,141,1453,2023,8696,Racing Santander,161771,Villarreal B,Racing Santander,Villarreal,2023-11-25T15:15:00+00:00,,
fotmob,4217505,140,2023,141,1453,2023,161771,Villarreal B,8372,Eibar,Villarreal,Eibar,2023-12-04T19:30:00+00:00,,
fotmob,4217528,140,2023,141,1453,2023,8393,Albacete,161771,Villarreal B,Albacete,Villarreal,2023-12-08T17:30:00+00:00,,
fotmob,4217538,140,2023,141,1453,2023,161771,Villarreal B,10281,Real Valladolid,Villarreal,Valladolid,2023-12-18T19:30:00+00:00,,
fotmob,4217517,140,2023,141,1453,2023,161771,Villarreal B,8670,Real Oviedo,Villarreal,Oviedo,2023-12-21T18:00:00+00:00,,
fotmob,4217520,140,2023,141,1453,2023,8554,Cartagena,161771,Villarreal B,FC Cartagena,Villarreal,2024-01-14T15:15:00+00:00,,
fotmob,4217548,140,2023,141,1453,2023,8558,Espanyol,161771,Villarreal B,Espanyol,Villarreal,2024-01-20T17:30:00+00:00,,
fotmob,4217584,140,2023,141,1453,2023,161771,Villarreal B,96925,SD Huesca,Villarreal,Huesca,2024-01-28T15:15:00+00:00,,
fotmob,4217558,140,2023,141,1453,2023,4032,CD Mirandes,161771,Villarreal B,Mirandes,Villarreal,2024-02-03T15:15:00+00:00,,
fotmob,4217599,140,2023,141,1453,2023,161771,Villarreal B,9867,Tenerife,Villarreal,Tenerife,2024-02-11T13:00:00+00:00,,
fotmob,4217744,140,2023,141,1453,2023,494050,FC Andorra,161771,Villarreal B,FC Andorra,Villarreal,2024-02-17T15:15:00+00:00,,
fotmob,4217591,140,2023,141,1453,2023,161771,Villarreal B,8394,Real Zaragoza,Villarreal,Zaragoza,2024-02-24T17:30:00+00:00,,
fotmob,4217618,140,2023,141,1453,2023,8288,Eldense,161771,Villarreal B,Eldense,Villarreal,2024-03-02T13:00:00+00:00,,
fotmob,4217643,140,2023,141,1453,2023,161771,Villarreal B,10268,Elche,Villarreal,Elche,2024-03-10T15:15:00+00:00,,
fotmob,4217646,140,2023,141,1453,2023,8372,Eibar,161771,Villarreal B,Eibar,Villarreal,2024-03-16T15:15:00+00:00,,
fotmob,4217623,140,2023,141,1453,2023,161771,Villarreal B,7854,Leganes,Villarreal,Leganes,2024-03-23T17:30:00+00:00,,
fotmob,4217634,140,2023,141,1453,2023,8670,Real Oviedo,161771,Villarreal B,Oviedo,Villarreal,2024-03-31T16:30:00+00:00,,
fotmob,4217689,140,2023,141,1453,2023,161771,Villarreal B,7876,Burgos CF,Villarreal,Burgos,2024-04-07T14:15:00+00:00,,
fotmob,4217682,140,2023,141,1453,2023,161750,Alcorcon,161771,Villarreal B,Alcorcon,Villarreal,2024-04-15T18:30:00+00:00,,
fotmob,4217662,140,2023,141,1453,2023,161771,Villarreal B,8474,Racing de Ferrol,Villarreal,Racing Ferrol,2024-04-20T14:15:00+00:00,,
fotmob,4217673,140,2023,141,1453,2023,9869,Sporting Gijon,161771,Villarreal B,Sporting Gijon,Villarreal,2024-04-28T12:00:00+00:00,,
fotmob,4217740,140,2023,141,1453,2023,161771,Villarreal B,8581,Levante,Villarreal,Levante,2024-05-03T18:30:00+00:00,,
fotmob,4217738,140,2023,141,1453,2023,189624,SD Amorebieta,161771,Villarreal B,Amorebieta,Villarreal,2024-05-12T12:00:00+00:00,,
fotmob,4217712,140,2023,141,1453,2023,161771,Villarreal B,8393,Albacete,Villarreal,Albacete,2024-05-20T18:30:00+00:00,,
fotmob,4217722,140,2023,141,1453,2023,10281,Real Valladolid,161771,Villarreal B,Valladolid,Villarreal,2024-05-26T16:30:00+00:00,,
fotmob,4217750,140,2023,141,1453,2023,161771,Villarreal B,8696,Racing Santander,Villarreal,Racing Santander,2024-06-02T16:30:00+00:00,,
fotmob,5127766,169,2022,563,1515,2022,8189,Ängelholms FF,8333,Trelleborgs FF,Angelholms FF,Trelleborg,2026-04-03T11:00:00+00:00,,
fotmob,5127416,169,2022,563,1515,2022,841094,FC Arlanda,1967,Vasalunds IF,Arlanda,Vasalund,2026-04-03T11:00:00+00:00,,
fotmob,5127415,169,2022,563,1515,2022,627694,FBK Karlstad,7997,Gefle,FBK Karlstad,Gefle IF,2026-04-03T14:00:00+00:00,,
fotmob,5127763,169,2022,563,1515,2022,6183,Trollhättan FC,418688,Hässleholms IF,Trollhättan,Hässleholms IF,2026-04-03T14:00:00+00:00,,
fotmob,5127765,169,2022,563,1515,2022,73158,Utsiktens BK,241064,BK Olympic,Utsikten,Olympic,2026-04-03T14:00:00+00:00,,
fotmob,5127414,169,2022,563,1515,2022,8425,Enköping,916701,IFK Stocksund,Enköping,Stocksund,2026-04-04T11:00:00+00:00,,
fotmob,5127761,169,2022,563,1515,2022,303470,Eskilsminne IF,6173,Laholms FK,Eskilsminne,Laholm,2026-04-04T11:00:00+00:00,,
fotmob,5127762,169,2022,563,1515,2022,6170,FC Rosengård,6174,Lunds BK,Rosengård,Lund,2026-04-04T11:00:00+00:00,,
fotmob,5127413,169,2022,563,1515,2022,6238,AFC Eskilstuna,1225382,FC Järfälla,AFC Eskilstuna,Järfälla,2026-04-04T14:00:00+00:00,,
fotmob,5127419,169,2022,563,1515,2022,111120,Sollentuna FK,303472,Karlbergs BK,Sollentuna,Karlberg,2026-04-04T14:00:00+00:00,,
fotmob,5127767,169,2022,563,1515,2022,6622,Åtvidaberg,8510,Jönköping S.,Atvidabergs FF,Jonkopings Sodra,2026-04-05T14:00:00+00:00,,
fotmob,5127412,169,2022,563,1515,2022,10225,Assyriska FF,1011931,FC Stockholm,Assyriska FF,Stockholm Internazionale,2026-04-05T14:00:00+00:00,,
fotmob,5127764,169,2022,563,1515,2022,6153,Skövde AIK,241285,Tvååkers IF,Skövde AIK,Tvååker,2026-04-06T11:00:00+00:00,,
fotmob,5127423,169,2022,563,1515,2022,303472,Karlbergs BK,8425,Enköping,Karlberg,Enköping,2026-04-10T17:30:00+00:00,,
fotmob,5127772,169,2022,563,1515,2022,6173,Laholms FK,8189,Ängelholms FF,Laholm,Angelholms FF,2026-04-11T11:00:00+00:00,,
fotmob,5127775,169,2022,563,1515,2022,241285,Tvååkers IF,303470,Eskilsminne IF,Tvååker,Eskilsminne,2026-04-11T11:00:00+00:00,,
fotmob,5127420,169,2022,563,1515,2022,1225382,FC Järfälla,111120,Sollentuna FK,Järfälla,Sollentuna,2026-04-11T14:00:00+00:00,,
fotmob,5127421,169,2022,563,1515,2022,7997,Gefle,6238,AFC Eskilstuna,Gefle IF,AFC Eskilstuna,2026-04-11T14:00:00+00:00,,
fotmob,5127422,169,2022,563,1515,2022,916701,IFK Stocksund,4438,Hammarby TFF,Stocksund,Hammarby Talang,2026-04-11T14:00:00+00:00,,
fotmob,5127771,169,2022,563,1515,2022,1965,Kristianstad FC,6153,Skövde AIK,Kristianstad,Skövde AIK,2026-04-11T14:00:00+00:00,,
fotmob,5127426,169,2022,563,1515,2022,8601,Umeå,841094,FC Arlanda,Umeå FC,Arlanda,2026-04-12T11:00:00+00:00,,
fotmob,5127424,169,2022,563,1515,2022,2006,Piteå,10225,Assyriska FF,Piteå,Assyriska FF,2026-04-12T12:00:00+00:00,,
fotmob,5127427,169,2022,563,1515,2022,1967,Vasalunds IF,627694,FBK Karlstad,Vasalund,FBK Karlstad,2026-04-12T14:00:00+00:00,,
fotmob,5127778,169,2022,563,1515,2022,418688,Hässleholms IF,241064,BK Olympic,Hässleholms IF,Olympic,2026-04-17T17:00:00+00:00,,
fotmob,5127429,169,2022,563,1515,2022,8425,Enköping,627694,FBK Karlstad,Enköping,FBK Karlstad,2026-04-18T11:00:00+00:00,,
fotmob,5127780,169,2022,563,1515,2022,8333,Trelleborgs FF,241285,Tvååkers IF,Trelleborg,Tvååker,2026-04-18T11:00:00+00:00,,
fotmob,5127777,169,2022,563,1515,2022,303470,Eskilsminne IF,8510,Jönköping S.,Eskilsminne,Jonkopings Sodra,2026-04-18T14:00:00+00:00,,
fotmob,5127430,169,2022,563,1515,2022,841094,FC Arlanda,1011931,FC Stockholm,Arlanda,Stockholm Internazionale,2026-04-18T14:00:00+00:00,,
fotmob,5127432,169,2022,563,1515,2022,191433,IF Karlstad,1225382,FC Järfälla,IF Karlstad,Järfälla,2026-04-18T14:00:00+00:00,,
fotmob,5127779,169,2022,563,1515,2022,6153,Skövde AIK,6173,Laholms FK,Skövde AIK,Laholm,2026-04-18T14:00:00+00:00,,
fotmob,5127781,169,2022,563,1515,2022,73158,Utsiktens BK,6183,Trollhättan FC,Utsikten,Trollhättan,2026-04-18T15:00:00+00:00,,
fotmob,5127783,169,2022,563,1515,2022,6622,Åtvidaberg,1965,Kristianstad FC,Atvidabergs FF,Kristianstad,2026-04-19T14:00:00+00:00,,
fotmob,5127433,169,2022,563,1515,2022,916701,IFK Stocksund,6238,AFC Eskilstuna,Stocksund,AFC Eskilstuna,2026-04-20T17:30:00+00:00,,
fotmob,5127786,169,2022,563,1515,2022,6183,Trollhättan FC,6153,Skövde AIK,Trollhättan,Skövde AIK,2026-04-24T17:00:00+00:00,,
fotmob,5127437,169,2022,563,1515,2022,8425,Enköping,841094,FC Arlanda,Enköping,Arlanda,2026-04-24T17:30:00+00:00,,
fotmob,5127790,169,2022,563,1515,2022,8189,Ängelholms FF,418688,Hässleholms IF,Angelholms FF,Hässleholms IF,2026-04-25T11:00:00+00:00,,
fotmob,5127785,169,2022,563,1515,2022,6170,FC Rosengård,303470,Eskilsminne IF,Rosengård,Eskilsminne,2026-04-25T11:00:00+00:00,,
fotmob,5127438,169,2022,563,1515,2022,627694,FBK Karlstad,916701,IFK Stocksund,FBK Karlstad,Stocksund,2026-04-25T14:00:00+00:00,,
fotmob,5127788,169,2022,563,1515,2022,6173,Laholms FK,8333,Trelleborgs FF,Laholm,Trelleborg,2026-04-25T14:00:00+00:00,,
fotmob,5127442,169,2022,563,1515,2022,111120,Sollentuna FK,10225,Assyriska FF,Sollentuna,Assyriska FF,2026-04-25T14:00:00+00:00,,
fotmob,5127436,169,2022,563,1515,2022,6238,AFC Eskilstuna,191433,IF Karlstad,AFC Eskilstuna,IF Karlstad,2026-04-26T14:00:00+00:00,,
fotmob,5127784,169,2022,563,1515,2022,241064,BK Olympic,8510,Jönköping S.,Olympic,Jonkopings Sodra,2026-04-26T14:00:00+00:00,,
fotmob,5127439,169,2022,563,1515,2022,1225382,FC Järfälla,2006,Piteå,Järfälla,Piteå,2026-04-26T14:00:00+00:00,,
fotmob,5127441,169,2022,563,1515,2022,303472,Karlbergs BK,7997,Gefle,Karlberg,Gefle IF,2026-04-26T14:00:00+00:00,,
fotmob,5127787,169,2022,563,1515,2022,1965,Kristianstad FC,73158,Utsiktens BK,Kristianstad,Utsikten,2026-04-26T14:00:00+00:00,,
fotmob,5127792,169,2022,563,1515,2022,303470,Eskilsminne IF,8189,Ängelholms FF,Eskilsminne,Angelholms FF,2026-05-01T11:00:00+00:00,,
fotmob,5127794,169,2022,563,1515,2022,418688,Hässleholms IF,6174,Lunds BK,Hässleholms IF,Lund,2026-05-01T11:00:00+00:00,,
fotmob,5127448,169,2022,563,1515,2022,916701,IFK Stocksund,1967,Vasalunds IF,Stocksund,Vasalund,2026-05-01T17:00:00+00:00,,
fotmob,5127795,169,2022,563,1515,2022,8510,Jönköping S.,1965,Kristianstad FC,Jonkopings Sodra,Kristianstad,2026-05-02T11:00:00+00:00,,
fotmob,5127797,169,2022,563,1515,2022,8333,Trelleborgs FF,241064,BK Olympic,Trelleborg,Olympic,2026-05-02T11:00:00+00:00,,
fotmob,5127798,169,2022,563,1515,2022,241285,Tvååkers IF,6173,Laholms FK,Tvååker,Laholm,2026-05-02T11:00:00+00:00,,
fotmob,5127445,169,2022,563,1515,2022,6238,AFC Eskilstuna,627694,FBK Karlstad,AFC Eskilstuna,FBK Karlstad,2026-05-02T14:00:00+00:00,,
fotmob,5127793,169,2022,563,1515,2022,6183,Trollhättan FC,6170,FC Rosengård,Trollhättan,Rosengård,2026-05-02T14:00:00+00:00,,
fotmob,5127446,169,2022,563,1515,2022,7997,Gefle,8425,Enköping,Gefle IF,Enköping,2026-05-02T14:00:00+00:00,,
fotmob,5127796,169,2022,563,1515,2022,6153,Skövde AIK,6622,Åtvidaberg,Skövde AIK,Atvidabergs FF,2026-05-02T14:00:00+00:00,,
fotmob,5127449,169,2022,563,1515,2022,2006,Piteå,841094,FC Arlanda,Piteå,Arlanda,2026-05-03T13:00:00+00:00,,
fotmob,5127451,169,2022,563,1515,2022,8601,Umeå,303472,Karlbergs BK,Umeå FC,Karlberg,2026-05-03T13:00:00+00:00,,
fotmob,5127444,169,2022,563,1515,2022,10225,Assyriska FF,1225382,FC Järfälla,Assyriska FF,Järfälla,2026-05-03T14:00:00+00:00,,
fotmob,5127452,169,2022,563,1515,2022,8425,Enköping,6238,AFC Eskilstuna,Enköping,AFC Eskilstuna,2026-05-08T17:00:00+00:00,,
fotmob,5127801,169,2022,563,1515,2022,241064,BK Olympic,1965,Kristianstad FC,Olympic,Kristianstad,2026-05-09T11:00:00+00:00,,
fotmob,5127454,169,2022,563,1515,2022,841094,FC Arlanda,111120,Sollentuna FK,Arlanda,Sollentuna,2026-05-09T11:00:00+00:00,,
fotmob,5127802,169,2022,563,1515,2022,303470,Eskilsminne IF,73158,Utsiktens BK,Eskilsminne,Utsikten,2026-05-09T14:00:00+00:00,,
fotmob,5127453,169,2022,563,1515,2022,627694,FBK Karlstad,1225382,FC Järfälla,FBK Karlstad,Järfälla,2026-05-09T14:00:00+00:00,,
fotmob,5127803,169,2022,563,1515,2022,6170,FC Rosengård,241285,Tvååkers IF,Rosengård,Tvååker,2026-05-09T14:00:00+00:00,,
fotmob,5127455,169,2022,563,1515,2022,4438,Hammarby TFF,10225,Assyriska FF,Hammarby Talang,Assyriska FF,2026-05-09T14:00:00+00:00,,
fotmob,5127456,169,2022,563,1515,2022,916701,IFK Stocksund,1011931,FC Stockholm,Stocksund,Stockholm Internazionale,2026-05-09T14:00:00+00:00,,
fotmob,5127457,169,2022,563,1515,2022,303472,Karlbergs BK,191433,IF Karlstad,Karlberg,IF Karlstad,2026-05-09T14:00:00+00:00,,
fotmob,5127806,169,2022,563,1515,2022,6153,Skövde AIK,8189,Ängelholms FF,Skövde AIK,Angelholms FF,2026-05-09T14:00:00+00:00,,
fotmob,5127807,169,2022,563,1515,2022,6622,Åtvidaberg,8333,Trelleborgs FF,Atvidabergs FF,Trelleborg,2026-05-10T11:00:00+00:00,,
fotmob,5127804,169,2022,563,1515,2022,8510,Jönköping S.,6173,Laholms FK,Jonkopings Sodra,Laholm,2026-05-10T14:00:00+00:00,,
fotmob,5127466,169,2022,563,1515,2022,1011931,FC Stockholm,6238,AFC Eskilstuna,Stockholm Internazionale,AFC Eskilstuna,2026-05-13T17:00:00+00:00,,
fotmob,5127809,169,2022,563,1515,2022,418688,Hässleholms IF,303470,Eskilsminne IF,Hässleholms IF,Eskilsminne,2026-05-13T17:00:00+00:00,,
fotmob,5127811,169,2022,563,1515,2022,6173,Laholms FK,6174,Lunds BK,Laholm,Lund,2026-05-13T17:00:00+00:00,,
fotmob,5127461,169,2022,563,1515,2022,841094,FC Arlanda,303472,Karlbergs BK,Arlanda,Karlberg,2026-05-13T17:30:00+00:00,,
fotmob,5127462,169,2022,563,1515,2022,1225382,FC Järfälla,8425,Enköping,Järfälla,Enköping,2026-05-13T17:30:00+00:00,,
fotmob,5127464,169,2022,563,1515,2022,2006,Piteå,627694,FBK Karlstad,Piteå,FBK Karlstad,2026-05-14T11:00:00+00:00,,
fotmob,5127460,169,2022,563,1515,2022,10225,Assyriska FF,8601,Umeå,Assyriska FF,Umeå FC,2026-05-14T13:00:00+00:00,,
fotmob,5127463,169,2022,563,1515,2022,191433,IF Karlstad,916701,IFK Stocksund,IF Karlstad,Stocksund,2026-05-14T14:00:00+00:00,,
fotmob,5127475,169,2022,563,1515,2022,303472,Karlbergs BK,1225382,FC Järfälla,Karlberg,Järfälla,2026-05-16T11:00:00+00:00,,
fotmob,5127470,169,2022,563,1515,2022,627694,FBK Karlstad,8601,Umeå,FBK Karlstad,Umeå FC,2026-05-17T11:00:00+00:00,,
fotmob,5127819,169,2022,563,1515,2022,8510,Jönköping S.,418688,Hässleholms IF,Jonkopings Sodra,Hässleholms IF,2026-05-17T11:00:00+00:00,,
fotmob,5127821,169,2022,563,1515,2022,6174,Lunds BK,73158,Utsiktens BK,Lund,Utsikten,2026-05-17T11:00:00+00:00,,
fotmob,5127469,169,2022,563,1515,2022,8425,Enköping,111120,Sollentuna FK,Enköping,Sollentuna,2026-05-17T14:00:00+00:00,,
fotmob,5127818,169,2022,563,1515,2022,303470,Eskilsminne IF,6153,Skövde AIK,Eskilsminne,Skövde AIK,2026-05-17T14:00:00+00:00,,
fotmob,5127471,169,2022,563,1515,2022,7997,Gefle,10225,Assyriska FF,Gefle IF,Assyriska FF,2026-05-17T14:00:00+00:00,,
fotmob,5127474,169,2022,563,1515,2022,916701,IFK Stocksund,2006,Piteå,Stocksund,Piteå,2026-05-17T14:00:00+00:00,,
fotmob,5127822,169,2022,563,1515,2022,8333,Trelleborgs FF,6183,Trollhättan FC,Trelleborg,Trollhättan,2026-05-17T14:00:00+00:00,,
fotmob,5127823,169,2022,563,1515,2022,8189,Ängelholms FF,1965,Kristianstad FC,Angelholms FF,Kristianstad,2026-05-18T17:00:00+00:00,,
fotmob,5127820,169,2022,563,1515,2022,6173,Laholms FK,6170,FC Rosengård,Laholm,Rosengård,2026-05-18T17:00:00+00:00,,
fotmob,5127468,169,2022,563,1515,2022,6238,AFC Eskilstuna,841094,FC Arlanda,AFC Eskilstuna,Arlanda,2026-05-18T17:30:00+00:00,,
fotmob,5127827,169,2022,563,1515,2022,6174,Lunds BK,303470,Eskilsminne IF,Lund,Eskilsminne,2026-05-22T17:00:00+00:00,,
fotmob,5127477,169,2022,563,1515,2022,8425,Enköping,4438,Hammarby TFF,Enköping,Hammarby Talang,2026-05-23T11:00:00+00:00,,
fotmob,5127824,169,2022,563,1515,2022,6170,FC Rosengård,241064,BK Olympic,Rosengård,Olympic,2026-05-23T11:00:00+00:00,,
fotmob,5127478,169,2022,563,1515,2022,627694,FBK Karlstad,841094,FC Arlanda,FBK Karlstad,Arlanda,2026-05-23T14:00:00+00:00,,
fotmob,5127479,169,2022,563,1515,2022,1225382,FC Järfälla,7997,Gefle,Järfälla,Gefle IF,2026-05-23T14:00:00+00:00,,
fotmob,5127482,169,2022,563,1515,2022,1011931,FC Stockholm,303472,Karlbergs BK,Stockholm Internazionale,Karlberg,2026-05-23T14:00:00+00:00,,
fotmob,5127480,169,2022,563,1515,2022,916701,IFK Stocksund,10225,Assyriska FF,Stocksund,Assyriska FF,2026-05-23T14:00:00+00:00,,
fotmob,5127831,169,2022,563,1515,2022,6622,Åtvidaberg,6173,Laholms FK,Atvidabergs FF,Laholm,2026-05-24T14:00:00+00:00,,
fotmob,5127476,169,2022,563,1515,2022,6238,AFC Eskilstuna,1967,Vasalunds IF,AFC Eskilstuna,Vasalund,2026-05-24T14:00:00+00:00,,
fotmob,5127825,169,2022,563,1515,2022,8510,Jönköping S.,8189,Ängelholms FF,Jonkopings Sodra,Angelholms FF,2026-05-24T14:00:00+00:00,,
fotmob,5127834,169,2022,563,1515,2022,303470,Eskilsminne IF,8333,Trelleborgs FF,Eskilsminne,Trelleborg,2026-05-30T11:00:00+00:00,,
fotmob,5127486,169,2022,563,1515,2022,4438,Hammarby TFF,6238,AFC Eskilstuna,Hammarby Talang,AFC Eskilstuna,2026-05-30T14:00:00+00:00,,
fotmob,5127839,169,2022,563,1515,2022,241285,Tvååkers IF,1965,Kristianstad FC,Tvååker,Kristianstad,2026-05-30T14:00:00+00:00,,
fotmob,5127837,169,2022,563,1515,2022,418688,Hässleholms IF,73158,Utsiktens BK,Hässleholms IF,Utsikten,2026-05-30T14:30:00+00:00,,
fotmob,5127490,169,2022,563,1515,2022,8601,Umeå,916701,IFK Stocksund,Umeå FC,Stocksund,2026-05-31T12:30:00+00:00,,
fotmob,5127488,169,2022,563,1515,2022,303472,Karlbergs BK,627694,FBK Karlstad,Karlberg,FBK Karlstad,2026-05-31T14:00:00+00:00,,
fotmob,5127485,169,2022,563,1515,2022,841094,FC Arlanda,7997,Gefle,Arlanda,Gefle IF,2026-06-01T17:15:00+00:00,,
fotmob,5127835,169,2022,563,1515,2022,6170,FC Rosengård,8189,Ängelholms FF,Rosengård,Angelholms FF,2026-06-02T17:00:00+00:00,,
fotmob,5127484,169,2022,563,1515,2022,10225,Assyriska FF,8425,Enköping,Assyriska FF,Enköping,2026-06-02T17:30:00+00:00,,
fotmob,5127491,169,2022,563,1515,2022,1967,Vasalunds IF,1225382,FC Järfälla,Vasalund,Järfälla,2026-06-03T17:30:00+00:00,,
fotmob,5127843,169,2022,563,1515,2022,6173,Laholms FK,418688,Hässleholms IF,Laholm,Hässleholms IF,2026-06-04T17:00:00+00:00,,
fotmob,5127492,169,2022,563,1515,2022,6238,AFC Eskilstuna,303472,Karlbergs BK,AFC Eskilstuna,Karlberg,2026-06-04T17:30:00+00:00,,
fotmob,5127493,169,2022,563,1515,2022,627694,FBK Karlstad,191433,IF Karlstad,FBK Karlstad,IF Karlstad,2026-06-05T17:00:00+00:00,,
fotmob,5127841,169,2022,563,1515,2022,8510,Jönköping S.,6183,Trollhättan FC,Jonkopings Sodra,Trollhättan,2026-06-06T14:00:00+00:00,,
fotmob,5127842,169,2022,563,1515,2022,1965,Kristianstad FC,6174,Lunds BK,Kristianstad,Lund,2026-06-07T11:00:00+00:00,,
fotmob,5127497,169,2022,563,1515,2022,2006,Piteå,8425,Enköping,Piteå,Enköping,2026-06-07T12:00:00+00:00,,
fotmob,5127494,169,2022,563,1515,2022,841094,FC Arlanda,10225,Assyriska FF,Arlanda,Assyriska FF,2026-06-07T14:00:00+00:00,,
fotmob,5127845,169,2022,563,1515,2022,73158,Utsiktens BK,6170,FC Rosengård,Utsikten,Rosengård,2026-06-08T17:30:00+00:00,,
fotmob,5127854,169,2022,563,1515,2022,8189,Ängelholms FF,73158,Utsiktens BK,Angelholms FF,Utsikten,2026-06-13T11:00:00+00:00,,
fotmob,5127848,169,2022,563,1515,2022,241064,BK Olympic,6173,Laholms FK,Olympic,Laholm,2026-06-13T11:00:00+00:00,,
fotmob,5127853,169,2022,563,1515,2022,241285,Tvååkers IF,8510,Jönköping S.,Tvååker,Jonkopings Sodra,2026-06-13T11:00:00+00:00,,
fotmob,5127855,169,2022,563,1515,2022,6622,Åtvidaberg,303470,Eskilsminne IF,Atvidabergs FF,Eskilsminne,2026-06-13T14:00:00+00:00,,
fotmob,5127502,169,2022,563,1515,2022,1225382,FC Järfälla,841094,FC Arlanda,Järfälla,Arlanda,2026-06-13T14:00:00+00:00,,
fotmob,5127850,169,2022,563,1515,2022,6183,Trollhättan FC,1965,Kristianstad FC,Trollhättan,Kristianstad,2026-06-13T14:00:00+00:00,,
fotmob,5127504,169,2022,563,1515,2022,916701,IFK Stocksund,111120,Sollentuna FK,Stocksund,Sollentuna,2026-06-13T14:00:00+00:00,,
fotmob,5127851,169,2022,563,1515,2022,418688,Hässleholms IF,8333,Trelleborgs FF,Hässleholms IF,Trelleborg,2026-06-14T11:00:00+00:00,,
fotmob,5127505,169,2022,563,1515,2022,303472,Karlbergs BK,4438,Hammarby TFF,Karlberg,Hammarby Talang,2026-06-14T11:00:00+00:00,,
fotmob,5127500,169,2022,563,1515,2022,6238,AFC Eskilstuna,10225,Assyriska FF,AFC Eskilstuna,Assyriska FF,2026-06-14T14:00:00+00:00,,
fotmob,5127501,169,2022,563,1515,2022,8425,Enköping,1967,Vasalunds IF,Enköping,Vasalund,2026-06-14T14:00:00+00:00,,
fotmob,5127849,169,2022,563,1515,2022,6170,FC Rosengård,6153,Skövde AIK,Rosengård,Skövde AIK,2026-06-14T14:00:00+00:00,,
fotmob,5127506,169,2022,563,1515,2022,1011931,FC Stockholm,627694,FBK Karlstad,Stockholm Internazionale,FBK Karlstad,2026-06-14T14:00:00+00:00,,
fotmob,5127863,169,2022,563,1515,2022,73158,Utsiktens BK,6622,Åtvidaberg,Utsikten,Atvidabergs FF,2026-06-17T17:30:00+00:00,,
fotmob,5127857,169,2022,563,1515,2022,303470,Eskilsminne IF,6183,Trollhättan FC,Eskilsminne,Trollhättan,2026-06-18T17:00:00+00:00,,
fotmob,5127512,169,2022,563,1515,2022,4438,Hammarby TFF,1225382,FC Järfälla,Hammarby Talang,Järfälla,2026-06-18T17:00:00+00:00,,
fotmob,5127858,169,2022,563,1515,2022,8510,Jönköping S.,6174,Lunds BK,Jonkopings Sodra,Lund,2026-06-18T17:00:00+00:00,,
fotmob,5127860,169,2022,563,1515,2022,6153,Skövde AIK,418688,Hässleholms IF,Skövde AIK,Hässleholms IF,2026-06-18T17:00:00+00:00,,
fotmob,5127861,169,2022,563,1515,2022,8333,Trelleborgs FF,6170,FC Rosengård,Trelleborg,Rosengård,2026-06-18T17:00:00+00:00,,
fotmob,5127515,169,2022,563,1515,2022,1967,Vasalunds IF,303472,Karlbergs BK,Vasalund,Karlberg,2026-06-18T17:00:00+00:00,,
fotmob,5127510,169,2022,563,1515,2022,841094,FC Arlanda,916701,IFK Stocksund,Arlanda,Stocksund,2026-06-18T17:15:00+00:00,,
fotmob,5127514,169,2022,563,1515,2022,111120,Sollentuna FK,627694,FBK Karlstad,Sollentuna,FBK Karlstad,2026-06-18T17:30:00+00:00,,
fotmob,5127513,169,2022,563,1515,2022,2006,Piteå,6238,AFC Eskilstuna,Piteå,AFC Eskilstuna,2026-06-21T11:00:00+00:00,,
fotmob,5127509,169,2022,563,1515,2022,8425,Enköping,8601,Umeå,Enköping,Umeå FC,2026-06-21T13:00:00+00:00,,
fotmob,5127859,169,2022,563,1515,2022,1965,Kristianstad FC,6173,Laholms FK,Kristianstad,Laholm,2026-06-21T14:00:00+00:00,,
fotmob,5127508,169,2022,563,1515,2022,10225,Assyriska FF,191433,IF Karlstad,Assyriska FF,IF Karlstad,2026-06-21T15:00:00+00:00,,
fotmob,5127520,169,2022,563,1515,2022,303472,Karlbergs BK,2006,Piteå,Karlberg,Piteå,2026-06-24T17:00:00+00:00,,
fotmob,5127766,169,2023,563,1515,2023,8189,Ängelholms FF,8333,Trelleborgs FF,Angelholms FF,Trelleborg,2026-04-03T11:00:00+00:00,,
fotmob,5127416,169,2023,563,1515,2023,841094,FC Arlanda,1967,Vasalunds IF,Arlanda,Vasalund,2026-04-03T11:00:00+00:00,,
fotmob,5127415,169,2023,563,1515,2023,627694,FBK Karlstad,7997,Gefle,FBK Karlstad,Gefle IF,2026-04-03T14:00:00+00:00,,
fotmob,5127763,169,2023,563,1515,2023,6183,Trollhättan FC,418688,Hässleholms IF,Trollhättan,Hässleholms IF,2026-04-03T14:00:00+00:00,,
fotmob,5127765,169,2023,563,1515,2023,73158,Utsiktens BK,241064,BK Olympic,Utsikten,Olympic,2026-04-03T14:00:00+00:00,,
fotmob,5127414,169,2023,563,1515,2023,8425,Enköping,916701,IFK Stocksund,Enköping,Stocksund,2026-04-04T11:00:00+00:00,,
fotmob,5127761,169,2023,563,1515,2023,303470,Eskilsminne IF,6173,Laholms FK,Eskilsminne,Laholm,2026-04-04T11:00:00+00:00,,
fotmob,5127762,169,2023,563,1515,2023,6170,FC Rosengård,6174,Lunds BK,Rosengård,Lund,2026-04-04T11:00:00+00:00,,
fotmob,5127413,169,2023,563,1515,2023,6238,AFC Eskilstuna,1225382,FC Järfälla,AFC Eskilstuna,Järfälla,2026-04-04T14:00:00+00:00,,
fotmob,5127419,169,2023,563,1515,2023,111120,Sollentuna FK,303472,Karlbergs BK,Sollentuna,Karlberg,2026-04-04T14:00:00+00:00,,
fotmob,5127767,169,2023,563,1515,2023,6622,Åtvidaberg,8510,Jönköping S.,Atvidabergs FF,Jonkopings Sodra,2026-04-05T14:00:00+00:00,,
fotmob,5127412,169,2023,563,1515,2023,10225,Assyriska FF,1011931,FC Stockholm,Assyriska FF,Stockholm Internazionale,2026-04-05T14:00:00+00:00,,
fotmob,5127764,169,2023,563,1515,2023,6153,Skövde AIK,241285,Tvååkers IF,Skövde AIK,Tvååker,2026-04-06T11:00:00+00:00,,
fotmob,5127423,169,2023,563,1515,2023,303472,Karlbergs BK,8425,Enköping,Karlberg,Enköping,2026-04-10T17:30:00+00:00,,
fotmob,5127772,169,2023,563,1515,2023,6173,Laholms FK,8189,Ängelholms FF,Laholm,Angelholms FF,2026-04-11T11:00:00+00:00,,
fotmob,5127420,169,2023,563,1515,2023,1225382,FC Järfälla,111120,Sollentuna FK,Järfälla,Sollentuna,2026-04-11T14:00:00+00:00,,
fotmob,5127771,169,2023,563,1515,2023,1965,Kristianstad FC,6153,Skövde AIK,Kristianstad,Skövde AIK,2026-04-11T14:00:00+00:00,,
fotmob,5127426,169,2023,563,1515,2023,8601,Umeå,841094,FC Arlanda,Umeå FC,Arlanda,2026-04-12T11:00:00+00:00,,
fotmob,5127424,169,2023,563,1515,2023,2006,Piteå,10225,Assyriska FF,Piteå,Assyriska FF,2026-04-12T12:00:00+00:00,,
fotmob,5127427,169,2023,563,1515,2023,1967,Vasalunds IF,627694,FBK Karlstad,Vasalund,FBK Karlstad,2026-04-12T14:00:00+00:00,,
fotmob,5127778,169,2023,563,1515,2023,418688,Hässleholms IF,241064,BK Olympic,Hässleholms IF,Olympic,2026-04-17T17:00:00+00:00,,
fotmob,5127429,169,2023,563,1515,2023,8425,Enköping,627694,FBK Karlstad,Enköping,FBK Karlstad,2026-04-18T11:00:00+00:00,,
fotmob,5127780,169,2023,563,1515,2023,8333,Trelleborgs FF,241285,Tvååkers IF,Trelleborg,Tvååker,2026-04-18T11:00:00+00:00,,
fotmob,5127777,169,2023,563,1515,2023,303470,Eskilsminne IF,8510,Jönköping S.,Eskilsminne,Jonkopings Sodra,2026-04-18T14:00:00+00:00,,
fotmob,5127430,169,2023,563,1515,2023,841094,FC Arlanda,1011931,FC Stockholm,Arlanda,Stockholm Internazionale,2026-04-18T14:00:00+00:00,,
fotmob,5127432,169,2023,563,1515,2023,191433,IF Karlstad,1225382,FC Järfälla,IF Karlstad,Järfälla,2026-04-18T14:00:00+00:00,,
fotmob,5127779,169,2023,563,1515,2023,6153,Skövde AIK,6173,Laholms FK,Skövde AIK,Laholm,2026-04-18T14:00:00+00:00,,
fotmob,5127781,169,2023,563,1515,2023,73158,Utsiktens BK,6183,Trollhättan FC,Utsikten,Trollhättan,2026-04-18T15:00:00+00:00,,
fotmob,5127783,169,2023,563,1515,2023,6622,Åtvidaberg,1965,Kristianstad FC,Atvidabergs FF,Kristianstad,2026-04-19T14:00:00+00:00,,
fotmob,5127433,169,2023,563,1515,2023,916701,IFK Stocksund,6238,AFC Eskilstuna,Stocksund,AFC Eskilstuna,2026-04-20T17:30:00+00:00,,
fotmob,5127786,169,2023,563,1515,2023,6183,Trollhättan FC,6153,Skövde AIK,Trollhättan,Skövde AIK,2026-04-24T17:00:00+00:00,,
fotmob,5127437,169,2023,563,1515,2023,8425,Enköping,841094,FC Arlanda,Enköping,Arlanda,2026-04-24T17:30:00+00:00,,
fotmob,5127790,169,2023,563,1515,2023,8189,Ängelholms FF,418688,Hässleholms IF,Angelholms FF,Hässleholms IF,2026-04-25T11:00:00+00:00,,
fotmob,5127785,169,2023,563,1515,2023,6170,FC Rosengård,303470,Eskilsminne IF,Rosengård,Eskilsminne,2026-04-25T11:00:00+00:00,,
fotmob,5127438,169,2023,563,1515,2023,627694,FBK Karlstad,916701,IFK Stocksund,FBK Karlstad,Stocksund,2026-04-25T14:00:00+00:00,,
fotmob,5127788,169,2023,563,1515,2023,6173,Laholms FK,8333,Trelleborgs FF,Laholm,Trelleborg,2026-04-25T14:00:00+00:00,,
fotmob,5127442,169,2023,563,1515,2023,111120,Sollentuna FK,10225,Assyriska FF,Sollentuna,Assyriska FF,2026-04-25T14:00:00+00:00,,
fotmob,5127436,169,2023,563,1515,2023,6238,AFC Eskilstuna,191433,IF Karlstad,AFC Eskilstuna,IF Karlstad,2026-04-26T14:00:00+00:00,,
fotmob,5127784,169,2023,563,1515,2023,241064,BK Olympic,8510,Jönköping S.,Olympic,Jonkopings Sodra,2026-04-26T14:00:00+00:00,,
fotmob,5127439,169,2023,563,1515,2023,1225382,FC Järfälla,2006,Piteå,Järfälla,Piteå,2026-04-26T14:00:00+00:00,,
fotmob,5127441,169,2023,563,1515,2023,303472,Karlbergs BK,7997,Gefle,Karlberg,Gefle IF,2026-04-26T14:00:00+00:00,,
fotmob,5127787,169,2023,563,1515,2023,1965,Kristianstad FC,73158,Utsiktens BK,Kristianstad,Utsikten,2026-04-26T14:00:00+00:00,,
fotmob,5127794,169,2023,563,1515,2023,418688,Hässleholms IF,6174,Lunds BK,Hässleholms IF,Lund,2026-05-01T11:00:00+00:00,,
fotmob,5127795,169,2023,563,1515,2023,8510,Jönköping S.,1965,Kristianstad FC,Jonkopings Sodra,Kristianstad,2026-05-02T11:00:00+00:00,,
fotmob,5127797,169,2023,563,1515,2023,8333,Trelleborgs FF,241064,BK Olympic,Trelleborg,Olympic,2026-05-02T11:00:00+00:00,,
fotmob,5127798,169,2023,563,1515,2023,241285,Tvååkers IF,6173,Laholms FK,Tvååker,Laholm,2026-05-02T11:00:00+00:00,,
fotmob,5127445,169,2023,563,1515,2023,6238,AFC Eskilstuna,627694,FBK Karlstad,AFC Eskilstuna,FBK Karlstad,2026-05-02T14:00:00+00:00,,
fotmob,5127793,169,2023,563,1515,2023,6183,Trollhättan FC,6170,FC Rosengård,Trollhättan,Rosengård,2026-05-02T14:00:00+00:00,,
fotmob,5127446,169,2023,563,1515,2023,7997,Gefle,8425,Enköping,Gefle IF,Enköping,2026-05-02T14:00:00+00:00,,
fotmob,5127796,169,2023,563,1515,2023,6153,Skövde AIK,6622,Åtvidaberg,Skövde AIK,Atvidabergs FF,2026-05-02T14:00:00+00:00,,
fotmob,5127449,169,2023,563,1515,2023,2006,Piteå,841094,FC Arlanda,Piteå,Arlanda,2026-05-03T13:00:00+00:00,,
fotmob,5127451,169,2023,563,1515,2023,8601,Umeå,303472,Karlbergs BK,Umeå FC,Karlberg,2026-05-03T13:00:00+00:00,,
fotmob,5127444,169,2023,563,1515,2023,10225,Assyriska FF,1225382,FC Järfälla,Assyriska FF,Järfälla,2026-05-03T14:00:00+00:00,,
fotmob,5127452,169,2023,563,1515,2023,8425,Enköping,6238,AFC Eskilstuna,Enköping,AFC Eskilstuna,2026-05-08T17:00:00+00:00,,
fotmob,5127801,169,2023,563,1515,2023,241064,BK Olympic,1965,Kristianstad FC,Olympic,Kristianstad,2026-05-09T11:00:00+00:00,,
fotmob,5127454,169,2023,563,1515,2023,841094,FC Arlanda,111120,Sollentuna FK,Arlanda,Sollentuna,2026-05-09T11:00:00+00:00,,
fotmob,5127802,169,2023,563,1515,2023,303470,Eskilsminne IF,73158,Utsiktens BK,Eskilsminne,Utsikten,2026-05-09T14:00:00+00:00,,
fotmob,5127453,169,2023,563,1515,2023,627694,FBK Karlstad,1225382,FC Järfälla,FBK Karlstad,Järfälla,2026-05-09T14:00:00+00:00,,
fotmob,5127803,169,2023,563,1515,2023,6170,FC Rosengård,241285,Tvååkers IF,Rosengård,Tvååker,2026-05-09T14:00:00+00:00,,
fotmob,5127455,169,2023,563,1515,2023,4438,Hammarby TFF,10225,Assyriska FF,Hammarby Talang,Assyriska FF,2026-05-09T14:00:00+00:00,,
fotmob,5127457,169,2023,563,1515,2023,303472,Karlbergs BK,191433,IF Karlstad,Karlberg,IF Karlstad,2026-05-09T14:00:00+00:00,,
fotmob,5127806,169,2023,563,1515,2023,6153,Skövde AIK,8189,Ängelholms FF,Skövde AIK,Angelholms FF,2026-05-09T14:00:00+00:00,,
fotmob,5127807,169,2023,563,1515,2023,6622,Åtvidaberg,8333,Trelleborgs FF,Atvidabergs FF,Trelleborg,2026-05-10T11:00:00+00:00,,
fotmob,5127804,169,2023,563,1515,2023,8510,Jönköping S.,6173,Laholms FK,Jonkopings Sodra,Laholm,2026-05-10T14:00:00+00:00,,
fotmob,5127466,169,2023,563,1515,2023,1011931,FC Stockholm,6238,AFC Eskilstuna,Stockholm Internazionale,AFC Eskilstuna,2026-05-13T17:00:00+00:00,,
fotmob,5127809,169,2023,563,1515,2023,418688,Hässleholms IF,303470,Eskilsminne IF,Hässleholms IF,Eskilsminne,2026-05-13T17:00:00+00:00,,
fotmob,5127811,169,2023,563,1515,2023,6173,Laholms FK,6174,Lunds BK,Laholm,Lund,2026-05-13T17:00:00+00:00,,
fotmob,5127462,169,2023,563,1515,2023,1225382,FC Järfälla,8425,Enköping,Järfälla,Enköping,2026-05-13T17:30:00+00:00,,
fotmob,5127464,169,2023,563,1515,2023,2006,Piteå,627694,FBK Karlstad,Piteå,FBK Karlstad,2026-05-14T11:00:00+00:00,,
fotmob,5127460,169,2023,563,1515,2023,10225,Assyriska FF,8601,Umeå,Assyriska FF,Umeå FC,2026-05-14T13:00:00+00:00,,
fotmob,5127470,169,2023,563,1515,2023,627694,FBK Karlstad,8601,Umeå,FBK Karlstad,Umeå FC,2026-05-17T11:00:00+00:00,,
fotmob,5127819,169,2023,563,1515,2023,8510,Jönköping S.,418688,Hässleholms IF,Jonkopings Sodra,Hässleholms IF,2026-05-17T11:00:00+00:00,,
fotmob,5127821,169,2023,563,1515,2023,6174,Lunds BK,73158,Utsiktens BK,Lund,Utsikten,2026-05-17T11:00:00+00:00,,
fotmob,5127469,169,2023,563,1515,2023,8425,Enköping,111120,Sollentuna FK,Enköping,Sollentuna,2026-05-17T14:00:00+00:00,,
fotmob,5127818,169,2023,563,1515,2023,303470,Eskilsminne IF,6153,Skövde AIK,Eskilsminne,Skövde AIK,2026-05-17T14:00:00+00:00,,
fotmob,5127471,169,2023,563,1515,2023,7997,Gefle,10225,Assyriska FF,Gefle IF,Assyriska FF,2026-05-17T14:00:00+00:00,,
fotmob,5127822,169,2023,563,1515,2023,8333,Trelleborgs FF,6183,Trollhättan FC,Trelleborg,Trollhättan,2026-05-17T14:00:00+00:00,,
fotmob,5127823,169,2023,563,1515,2023,8189,Ängelholms FF,1965,Kristianstad FC,Angelholms FF,Kristianstad,2026-05-18T17:00:00+00:00,,
fotmob,5127820,169,2023,563,1515,2023,6173,Laholms FK,6170,FC Rosengård,Laholm,Rosengård,2026-05-18T17:00:00+00:00,,
fotmob,5127468,169,2023,563,1515,2023,6238,AFC Eskilstuna,841094,FC Arlanda,AFC Eskilstuna,Arlanda,2026-05-18T17:30:00+00:00,,
fotmob,5127477,169,2023,563,1515,2023,8425,Enköping,4438,Hammarby TFF,Enköping,Hammarby Talang,2026-05-23T11:00:00+00:00,,
fotmob,5127824,169,2023,563,1515,2023,6170,FC Rosengård,241064,BK Olympic,Rosengård,Olympic,2026-05-23T11:00:00+00:00,,
fotmob,5127478,169,2023,563,1515,2023,627694,FBK Karlstad,841094,FC Arlanda,FBK Karlstad,Arlanda,2026-05-23T14:00:00+00:00,,
fotmob,5127479,169,2023,563,1515,2023,1225382,FC Järfälla,7997,Gefle,Järfälla,Gefle IF,2026-05-23T14:00:00+00:00,,
fotmob,5127482,169,2023,563,1515,2023,1011931,FC Stockholm,303472,Karlbergs BK,Stockholm Internazionale,Karlberg,2026-05-23T14:00:00+00:00,,
fotmob,5127480,169,2023,563,1515,2023,916701,IFK Stocksund,10225,Assyriska FF,Stocksund,Assyriska FF,2026-05-23T14:00:00+00:00,,
fotmob,5127831,169,2023,563,1515,2023,6622,Åtvidaberg,6173,Laholms FK,Atvidabergs FF,Laholm,2026-05-24T14:00:00+00:00,,
fotmob,5127476,169,2023,563,1515,2023,6238,AFC Eskilstuna,1967,Vasalunds IF,AFC Eskilstuna,Vasalund,2026-05-24T14:00:00+00:00,,
fotmob,5127825,169,2023,563,1515,2023,8510,Jönköping S.,8189,Ängelholms FF,Jonkopings Sodra,Angelholms FF,2026-05-24T14:00:00+00:00,,
fotmob,5127834,169,2023,563,1515,2023,303470,Eskilsminne IF,8333,Trelleborgs FF,Eskilsminne,Trelleborg,2026-05-30T11:00:00+00:00,,
fotmob,5127486,169,2023,563,1515,2023,4438,Hammarby TFF,6238,AFC Eskilstuna,Hammarby Talang,AFC Eskilstuna,2026-05-30T14:00:00+00:00,,
fotmob,5127839,169,2023,563,1515,2023,241285,Tvååkers IF,1965,Kristianstad FC,Tvååker,Kristianstad,2026-05-30T14:00:00+00:00,,
fotmob,5127837,169,2023,563,1515,2023,418688,Hässleholms IF,73158,Utsiktens BK,Hässleholms IF,Utsikten,2026-05-30T14:30:00+00:00,,
fotmob,5127488,169,2023,563,1515,2023,303472,Karlbergs BK,627694,FBK Karlstad,Karlberg,FBK Karlstad,2026-05-31T14:00:00+00:00,,
fotmob,5127485,169,2023,563,1515,2023,841094,FC Arlanda,7997,Gefle,Arlanda,Gefle IF,2026-06-01T17:15:00+00:00,,
fotmob,5127835,169,2023,563,1515,2023,6170,FC Rosengård,8189,Ängelholms FF,Rosengård,Angelholms FF,2026-06-02T17:00:00+00:00,,
fotmob,5127484,169,2023,563,1515,2023,10225,Assyriska FF,8425,Enköping,Assyriska FF,Enköping,2026-06-02T17:30:00+00:00,,
fotmob,5127491,169,2023,563,1515,2023,1967,Vasalunds IF,1225382,FC Järfälla,Vasalund,Järfälla,2026-06-03T17:30:00+00:00,,
fotmob,5127843,169,2023,563,1515,2023,6173,Laholms FK,418688,Hässleholms IF,Laholm,Hässleholms IF,2026-06-04T17:00:00+00:00,,
fotmob,5127492,169,2023,563,1515,2023,6238,AFC Eskilstuna,303472,Karlbergs BK,AFC Eskilstuna,Karlberg,2026-06-04T17:30:00+00:00,,
fotmob,5127493,169,2023,563,1515,2023,627694,FBK Karlstad,191433,IF Karlstad,FBK Karlstad,IF Karlstad,2026-06-05T17:00:00+00:00,,
fotmob,5127841,169,2023,563,1515,2023,8510,Jönköping S.,6183,Trollhättan FC,Jonkopings Sodra,Trollhättan,2026-06-06T14:00:00+00:00,,
fotmob,5127842,169,2023,563,1515,2023,1965,Kristianstad FC,6174,Lunds BK,Kristianstad,Lund,2026-06-07T11:00:00+00:00,,
fotmob,5127497,169,2023,563,1515,2023,2006,Piteå,8425,Enköping,Piteå,Enköping,2026-06-07T12:00:00+00:00,,
fotmob,5127494,169,2023,563,1515,2023,841094,FC Arlanda,10225,Assyriska FF,Arlanda,Assyriska FF,2026-06-07T14:00:00+00:00,,
fotmob,5127495,169,2023,563,1515,2023,1225382,FC Järfälla,916701,IFK Stocksund,Järfälla,Stocksund,2026-06-08T17:30:00+00:00,,
fotmob,5127845,169,2023,563,1515,2023,73158,Utsiktens BK,6170,FC Rosengård,Utsikten,Rosengård,2026-06-08T17:30:00+00:00,,
fotmob,5127854,169,2023,563,1515,2023,8189,Ängelholms FF,73158,Utsiktens BK,Angelholms FF,Utsikten,2026-06-13T11:00:00+00:00,,
fotmob,5127848,169,2023,563,1515,2023,241064,BK Olympic,6173,Laholms FK,Olympic,Laholm,2026-06-13T11:00:00+00:00,,
fotmob,5127853,169,2023,563,1515,2023,241285,Tvååkers IF,8510,Jönköping S.,Tvååker,Jonkopings Sodra,2026-06-13T11:00:00+00:00,,
fotmob,5127850,169,2023,563,1515,2023,6183,Trollhättan FC,1965,Kristianstad FC,Trollhättan,Kristianstad,2026-06-13T14:00:00+00:00,,
fotmob,5127851,169,2023,563,1515,2023,418688,Hässleholms IF,8333,Trelleborgs FF,Hässleholms IF,Trelleborg,2026-06-14T11:00:00+00:00,,
fotmob,5127505,169,2023,563,1515,2023,303472,Karlbergs BK,4438,Hammarby TFF,Karlberg,Hammarby Talang,2026-06-14T11:00:00+00:00,,
fotmob,5127500,169,2023,563,1515,2023,6238,AFC Eskilstuna,10225,Assyriska FF,AFC Eskilstuna,Assyriska FF,2026-06-14T14:00:00+00:00,,
fotmob,5127501,169,2023,563,1515,2023,8425,Enköping,1967,Vasalunds IF,Enköping,Vasalund,2026-06-14T14:00:00+00:00,,
fotmob,5127849,169,2023,563,1515,2023,6170,FC Rosengård,6153,Skövde AIK,Rosengård,Skövde AIK,2026-06-14T14:00:00+00:00,,
fotmob,5127506,169,2023,563,1515,2023,1011931,FC Stockholm,627694,FBK Karlstad,Stockholm Internazionale,FBK Karlstad,2026-06-14T14:00:00+00:00,,
fotmob,5127863,169,2023,563,1515,2023,73158,Utsiktens BK,6622,Åtvidaberg,Utsikten,Atvidabergs FF,2026-06-17T17:30:00+00:00,,
fotmob,5127512,169,2023,563,1515,2023,4438,Hammarby TFF,1225382,FC Järfälla,Hammarby Talang,Järfälla,2026-06-18T17:00:00+00:00,,
fotmob,5127858,169,2023,563,1515,2023,8510,Jönköping S.,6174,Lunds BK,Jonkopings Sodra,Lund,2026-06-18T17:00:00+00:00,,
fotmob,5127860,169,2023,563,1515,2023,6153,Skövde AIK,418688,Hässleholms IF,Skövde AIK,Hässleholms IF,2026-06-18T17:00:00+00:00,,
fotmob,5127861,169,2023,563,1515,2023,8333,Trelleborgs FF,6170,FC Rosengård,Trelleborg,Rosengård,2026-06-18T17:00:00+00:00,,
fotmob,5127515,169,2023,563,1515,2023,1967,Vasalunds IF,303472,Karlbergs BK,Vasalund,Karlberg,2026-06-18T17:00:00+00:00,,
fotmob,5127510,169,2023,563,1515,2023,841094,FC Arlanda,916701,IFK Stocksund,Arlanda,Stocksund,2026-06-18T17:15:00+00:00,,
fotmob,5127514,169,2023,563,1515,2023,111120,Sollentuna FK,627694,FBK Karlstad,Sollentuna,FBK Karlstad,2026-06-18T17:30:00+00:00,,
fotmob,5127513,169,2023,563,1515,2023,2006,Piteå,6238,AFC Eskilstuna,Piteå,AFC Eskilstuna,2026-06-21T11:00:00+00:00,,
fotmob,5127509,169,2023,563,1515,2023,8425,Enköping,8601,Umeå,Enköping,Umeå FC,2026-06-21T13:00:00+00:00,,
fotmob,5127859,169,2023,563,1515,2023,1965,Kristianstad FC,6173,Laholms FK,Kristianstad,Laholm,2026-06-21T14:00:00+00:00,,
fotmob,5127508,169,2023,563,1515,2023,10225,Assyriska FF,191433,IF Karlstad,Assyriska FF,IF Karlstad,2026-06-21T15:00:00+00:00,,
fotmob,5127520,169,2023,563,1515,2023,303472,Karlbergs BK,2006,Piteå,Karlberg,Piteå,2026-06-24T17:00:00+00:00,,
fotmob,5127766,169,2022,564,1516,2022,8189,Ängelholms FF,8333,Trelleborgs FF,Angelholms FF,Trelleborg,2026-04-03T11:00:00+00:00,,
fotmob,5127416,169,2022,564,1516,2022,841094,FC Arlanda,1967,Vasalunds IF,Arlanda,Vasalund,2026-04-03T11:00:00+00:00,,
fotmob,5127415,169,2022,564,1516,2022,627694,FBK Karlstad,7997,Gefle,FBK Karlstad,Gefle IF,2026-04-03T14:00:00+00:00,,
fotmob,5127763,169,2022,564,1516,2022,6183,Trollhättan FC,418688,Hässleholms IF,Trollhättan,Hässleholms IF,2026-04-03T14:00:00+00:00,,
fotmob,5127765,169,2022,564,1516,2022,73158,Utsiktens BK,241064,BK Olympic,Utsikten,Olympic,2026-04-03T14:00:00+00:00,,
fotmob,5127414,169,2022,564,1516,2022,8425,Enköping,916701,IFK Stocksund,Enköping,Stocksund,2026-04-04T11:00:00+00:00,,
fotmob,5127761,169,2022,564,1516,2022,303470,Eskilsminne IF,6173,Laholms FK,Eskilsminne,Laholm,2026-04-04T11:00:00+00:00,,
fotmob,5127762,169,2022,564,1516,2022,6170,FC Rosengård,6174,Lunds BK,Rosengård,Lund,2026-04-04T11:00:00+00:00,,
fotmob,5127413,169,2022,564,1516,2022,6238,AFC Eskilstuna,1225382,FC Järfälla,AFC Eskilstuna,Järfälla,2026-04-04T14:00:00+00:00,,
fotmob,5127419,169,2022,564,1516,2022,111120,Sollentuna FK,303472,Karlbergs BK,Sollentuna,Karlberg,2026-04-04T14:00:00+00:00,,
fotmob,5127767,169,2022,564,1516,2022,6622,Åtvidaberg,8510,Jönköping S.,Atvidabergs FF,Jonkopings Sodra,2026-04-05T14:00:00+00:00,,
fotmob,5127412,169,2022,564,1516,2022,10225,Assyriska FF,1011931,FC Stockholm,Assyriska FF,Stockholm Internazionale,2026-04-05T14:00:00+00:00,,
fotmob,5127764,169,2022,564,1516,2022,6153,Skövde AIK,241285,Tvååkers IF,Skövde AIK,Tvååker,2026-04-06T11:00:00+00:00,,
fotmob,5127423,169,2022,564,1516,2022,303472,Karlbergs BK,8425,Enköping,Karlberg,Enköping,2026-04-10T17:30:00+00:00,,
fotmob,5127772,169,2022,564,1516,2022,6173,Laholms FK,8189,Ängelholms FF,Laholm,Angelholms FF,2026-04-11T11:00:00+00:00,,
fotmob,5127420,169,2022,564,1516,2022,1225382,FC Järfälla,111120,Sollentuna FK,Järfälla,Sollentuna,2026-04-11T14:00:00+00:00,,
fotmob,5127771,169,2022,564,1516,2022,1965,Kristianstad FC,6153,Skövde AIK,Kristianstad,Skövde AIK,2026-04-11T14:00:00+00:00,,
fotmob,5127426,169,2022,564,1516,2022,8601,Umeå,841094,FC Arlanda,Umeå FC,Arlanda,2026-04-12T11:00:00+00:00,,
fotmob,5127424,169,2022,564,1516,2022,2006,Piteå,10225,Assyriska FF,Piteå,Assyriska FF,2026-04-12T12:00:00+00:00,,
fotmob,5127427,169,2022,564,1516,2022,1967,Vasalunds IF,627694,FBK Karlstad,Vasalund,FBK Karlstad,2026-04-12T14:00:00+00:00,,
fotmob,5127778,169,2022,564,1516,2022,418688,Hässleholms IF,241064,BK Olympic,Hässleholms IF,Olympic,2026-04-17T17:00:00+00:00,,
fotmob,5127429,169,2022,564,1516,2022,8425,Enköping,627694,FBK Karlstad,Enköping,FBK Karlstad,2026-04-18T11:00:00+00:00,,
fotmob,5127780,169,2022,564,1516,2022,8333,Trelleborgs FF,241285,Tvååkers IF,Trelleborg,Tvååker,2026-04-18T11:00:00+00:00,,
fotmob,5127777,169,2022,564,1516,2022,303470,Eskilsminne IF,8510,Jönköping S.,Eskilsminne,Jonkopings Sodra,2026-04-18T14:00:00+00:00,,
fotmob,5127430,169,2022,564,1516,2022,841094,FC Arlanda,1011931,FC Stockholm,Arlanda,Stockholm Internazionale,2026-04-18T14:00:00+00:00,,
fotmob,5127432,169,2022,564,1516,2022,191433,IF Karlstad,1225382,FC Järfälla,IF Karlstad,Järfälla,2026-04-18T14:00:00+00:00,,
fotmob,5127779,169,2022,564,1516,2022,6153,Skövde AIK,6173,Laholms FK,Skövde AIK,Laholm,2026-04-18T14:00:00+00:00,,
fotmob,5127781,169,2022,564,1516,2022,73158,Utsiktens BK,6183,Trollhättan FC,Utsikten,Trollhättan,2026-04-18T15:00:00+00:00,,
fotmob,5127783,169,2022,564,1516,2022,6622,Åtvidaberg,1965,Kristianstad FC,Atvidabergs FF,Kristianstad,2026-04-19T14:00:00+00:00,,
fotmob,5127433,169,2022,564,1516,2022,916701,IFK Stocksund,6238,AFC Eskilstuna,Stocksund,AFC Eskilstuna,2026-04-20T17:30:00+00:00,,
fotmob,5127786,169,2022,564,1516,2022,6183,Trollhättan FC,6153,Skövde AIK,Trollhättan,Skövde AIK,2026-04-24T17:00:00+00:00,,
fotmob,5127437,169,2022,564,1516,2022,8425,Enköping,841094,FC Arlanda,Enköping,Arlanda,2026-04-24T17:30:00+00:00,,
fotmob,5127790,169,2022,564,1516,2022,8189,Ängelholms FF,418688,Hässleholms IF,Angelholms FF,Hässleholms IF,2026-04-25T11:00:00+00:00,,
fotmob,5127785,169,2022,564,1516,2022,6170,FC Rosengård,303470,Eskilsminne IF,Rosengård,Eskilsminne,2026-04-25T11:00:00+00:00,,
fotmob,5127438,169,2022,564,1516,2022,627694,FBK Karlstad,916701,IFK Stocksund,FBK Karlstad,Stocksund,2026-04-25T14:00:00+00:00,,
fotmob,5127788,169,2022,564,1516,2022,6173,Laholms FK,8333,Trelleborgs FF,Laholm,Trelleborg,2026-04-25T14:00:00+00:00,,
fotmob,5127442,169,2022,564,1516,2022,111120,Sollentuna FK,10225,Assyriska FF,Sollentuna,Assyriska FF,2026-04-25T14:00:00+00:00,,
fotmob,5127436,169,2022,564,1516,2022,6238,AFC Eskilstuna,191433,IF Karlstad,AFC Eskilstuna,IF Karlstad,2026-04-26T14:00:00+00:00,,
fotmob,5127784,169,2022,564,1516,2022,241064,BK Olympic,8510,Jönköping S.,Olympic,Jonkopings Sodra,2026-04-26T14:00:00+00:00,,
fotmob,5127439,169,2022,564,1516,2022,1225382,FC Järfälla,2006,Piteå,Järfälla,Piteå,2026-04-26T14:00:00+00:00,,
fotmob,5127441,169,2022,564,1516,2022,303472,Karlbergs BK,7997,Gefle,Karlberg,Gefle IF,2026-04-26T14:00:00+00:00,,
fotmob,5127787,169,2022,564,1516,2022,1965,Kristianstad FC,73158,Utsiktens BK,Kristianstad,Utsikten,2026-04-26T14:00:00+00:00,,
fotmob,5127794,169,2022,564,1516,2022,418688,Hässleholms IF,6174,Lunds BK,Hässleholms IF,Lund,2026-05-01T11:00:00+00:00,,
fotmob,5127448,169,2022,564,1516,2022,916701,IFK Stocksund,1967,Vasalunds IF,Stocksund,Vasalund,2026-05-01T17:00:00+00:00,,
fotmob,5127795,169,2022,564,1516,2022,8510,Jönköping S.,1965,Kristianstad FC,Jonkopings Sodra,Kristianstad,2026-05-02T11:00:00+00:00,,
fotmob,5127797,169,2022,564,1516,2022,8333,Trelleborgs FF,241064,BK Olympic,Trelleborg,Olympic,2026-05-02T11:00:00+00:00,,
fotmob,5127798,169,2022,564,1516,2022,241285,Tvååkers IF,6173,Laholms FK,Tvååker,Laholm,2026-05-02T11:00:00+00:00,,
fotmob,5127445,169,2022,564,1516,2022,6238,AFC Eskilstuna,627694,FBK Karlstad,AFC Eskilstuna,FBK Karlstad,2026-05-02T14:00:00+00:00,,
fotmob,5127793,169,2022,564,1516,2022,6183,Trollhättan FC,6170,FC Rosengård,Trollhättan,Rosengård,2026-05-02T14:00:00+00:00,,
fotmob,5127446,169,2022,564,1516,2022,7997,Gefle,8425,Enköping,Gefle IF,Enköping,2026-05-02T14:00:00+00:00,,
fotmob,5127796,169,2022,564,1516,2022,6153,Skövde AIK,6622,Åtvidaberg,Skövde AIK,Atvidabergs FF,2026-05-02T14:00:00+00:00,,
fotmob,5127449,169,2022,564,1516,2022,2006,Piteå,841094,FC Arlanda,Piteå,Arlanda,2026-05-03T13:00:00+00:00,,
fotmob,5127451,169,2022,564,1516,2022,8601,Umeå,303472,Karlbergs BK,Umeå FC,Karlberg,2026-05-03T13:00:00+00:00,,
fotmob,5127444,169,2022,564,1516,2022,10225,Assyriska FF,1225382,FC Järfälla,Assyriska FF,Järfälla,2026-05-03T14:00:00+00:00,,
fotmob,5127452,169,2022,564,1516,2022,8425,Enköping,6238,AFC Eskilstuna,Enköping,AFC Eskilstuna,2026-05-08T17:00:00+00:00,,
fotmob,5127801,169,2022,564,1516,2022,241064,BK Olympic,1965,Kristianstad FC,Olympic,Kristianstad,2026-05-09T11:00:00+00:00,,
fotmob,5127454,169,2022,564,1516,2022,841094,FC Arlanda,111120,Sollentuna FK,Arlanda,Sollentuna,2026-05-09T11:00:00+00:00,,
fotmob,5127802,169,2022,564,1516,2022,303470,Eskilsminne IF,73158,Utsiktens BK,Eskilsminne,Utsikten,2026-05-09T14:00:00+00:00,,
fotmob,5127453,169,2022,564,1516,2022,627694,FBK Karlstad,1225382,FC Järfälla,FBK Karlstad,Järfälla,2026-05-09T14:00:00+00:00,,
fotmob,5127803,169,2022,564,1516,2022,6170,FC Rosengård,241285,Tvååkers IF,Rosengård,Tvååker,2026-05-09T14:00:00+00:00,,
fotmob,5127455,169,2022,564,1516,2022,4438,Hammarby TFF,10225,Assyriska FF,Hammarby Talang,Assyriska FF,2026-05-09T14:00:00+00:00,,
fotmob,5127456,169,2022,564,1516,2022,916701,IFK Stocksund,1011931,FC Stockholm,Stocksund,Stockholm Internazionale,2026-05-09T14:00:00+00:00,,
fotmob,5127457,169,2022,564,1516,2022,303472,Karlbergs BK,191433,IF Karlstad,Karlberg,IF Karlstad,2026-05-09T14:00:00+00:00,,
fotmob,5127806,169,2022,564,1516,2022,6153,Skövde AIK,8189,Ängelholms FF,Skövde AIK,Angelholms FF,2026-05-09T14:00:00+00:00,,
fotmob,5127807,169,2022,564,1516,2022,6622,Åtvidaberg,8333,Trelleborgs FF,Atvidabergs FF,Trelleborg,2026-05-10T11:00:00+00:00,,
fotmob,5127804,169,2022,564,1516,2022,8510,Jönköping S.,6173,Laholms FK,Jonkopings Sodra,Laholm,2026-05-10T14:00:00+00:00,,
fotmob,5127466,169,2022,564,1516,2022,1011931,FC Stockholm,6238,AFC Eskilstuna,Stockholm Internazionale,AFC Eskilstuna,2026-05-13T17:00:00+00:00,,
fotmob,5127809,169,2022,564,1516,2022,418688,Hässleholms IF,303470,Eskilsminne IF,Hässleholms IF,Eskilsminne,2026-05-13T17:00:00+00:00,,
fotmob,5127811,169,2022,564,1516,2022,6173,Laholms FK,6174,Lunds BK,Laholm,Lund,2026-05-13T17:00:00+00:00,,
fotmob,5127461,169,2022,564,1516,2022,841094,FC Arlanda,303472,Karlbergs BK,Arlanda,Karlberg,2026-05-13T17:30:00+00:00,,
fotmob,5127462,169,2022,564,1516,2022,1225382,FC Järfälla,8425,Enköping,Järfälla,Enköping,2026-05-13T17:30:00+00:00,,
fotmob,5127464,169,2022,564,1516,2022,2006,Piteå,627694,FBK Karlstad,Piteå,FBK Karlstad,2026-05-14T11:00:00+00:00,,
fotmob,5127460,169,2022,564,1516,2022,10225,Assyriska FF,8601,Umeå,Assyriska FF,Umeå FC,2026-05-14T13:00:00+00:00,,
fotmob,5127463,169,2022,564,1516,2022,191433,IF Karlstad,916701,IFK Stocksund,IF Karlstad,Stocksund,2026-05-14T14:00:00+00:00,,
fotmob,5127475,169,2022,564,1516,2022,303472,Karlbergs BK,1225382,FC Järfälla,Karlberg,Järfälla,2026-05-16T11:00:00+00:00,,
fotmob,5127470,169,2022,564,1516,2022,627694,FBK Karlstad,8601,Umeå,FBK Karlstad,Umeå FC,2026-05-17T11:00:00+00:00,,
fotmob,5127819,169,2022,564,1516,2022,8510,Jönköping S.,418688,Hässleholms IF,Jonkopings Sodra,Hässleholms IF,2026-05-17T11:00:00+00:00,,
fotmob,5127821,169,2022,564,1516,2022,6174,Lunds BK,73158,Utsiktens BK,Lund,Utsikten,2026-05-17T11:00:00+00:00,,
fotmob,5127469,169,2022,564,1516,2022,8425,Enköping,111120,Sollentuna FK,Enköping,Sollentuna,2026-05-17T14:00:00+00:00,,
fotmob,5127818,169,2022,564,1516,2022,303470,Eskilsminne IF,6153,Skövde AIK,Eskilsminne,Skövde AIK,2026-05-17T14:00:00+00:00,,
fotmob,5127471,169,2022,564,1516,2022,7997,Gefle,10225,Assyriska FF,Gefle IF,Assyriska FF,2026-05-17T14:00:00+00:00,,
fotmob,5127474,169,2022,564,1516,2022,916701,IFK Stocksund,2006,Piteå,Stocksund,Piteå,2026-05-17T14:00:00+00:00,,
fotmob,5127822,169,2022,564,1516,2022,8333,Trelleborgs FF,6183,Trollhättan FC,Trelleborg,Trollhättan,2026-05-17T14:00:00+00:00,,
fotmob,5127823,169,2022,564,1516,2022,8189,Ängelholms FF,1965,Kristianstad FC,Angelholms FF,Kristianstad,2026-05-18T17:00:00+00:00,,
fotmob,5127820,169,2022,564,1516,2022,6173,Laholms FK,6170,FC Rosengård,Laholm,Rosengård,2026-05-18T17:00:00+00:00,,
fotmob,5127468,169,2022,564,1516,2022,6238,AFC Eskilstuna,841094,FC Arlanda,AFC Eskilstuna,Arlanda,2026-05-18T17:30:00+00:00,,
fotmob,5127477,169,2022,564,1516,2022,8425,Enköping,4438,Hammarby TFF,Enköping,Hammarby Talang,2026-05-23T11:00:00+00:00,,
fotmob,5127824,169,2022,564,1516,2022,6170,FC Rosengård,241064,BK Olympic,Rosengård,Olympic,2026-05-23T11:00:00+00:00,,
fotmob,5127478,169,2022,564,1516,2022,627694,FBK Karlstad,841094,FC Arlanda,FBK Karlstad,Arlanda,2026-05-23T14:00:00+00:00,,
fotmob,5127479,169,2022,564,1516,2022,1225382,FC Järfälla,7997,Gefle,Järfälla,Gefle IF,2026-05-23T14:00:00+00:00,,
fotmob,5127482,169,2022,564,1516,2022,1011931,FC Stockholm,303472,Karlbergs BK,Stockholm Internazionale,Karlberg,2026-05-23T14:00:00+00:00,,
fotmob,5127480,169,2022,564,1516,2022,916701,IFK Stocksund,10225,Assyriska FF,Stocksund,Assyriska FF,2026-05-23T14:00:00+00:00,,
fotmob,5127831,169,2022,564,1516,2022,6622,Åtvidaberg,6173,Laholms FK,Atvidabergs FF,Laholm,2026-05-24T14:00:00+00:00,,
fotmob,5127476,169,2022,564,1516,2022,6238,AFC Eskilstuna,1967,Vasalunds IF,AFC Eskilstuna,Vasalund,2026-05-24T14:00:00+00:00,,
fotmob,5127825,169,2022,564,1516,2022,8510,Jönköping S.,8189,Ängelholms FF,Jonkopings Sodra,Angelholms FF,2026-05-24T14:00:00+00:00,,
fotmob,5127834,169,2022,564,1516,2022,303470,Eskilsminne IF,8333,Trelleborgs FF,Eskilsminne,Trelleborg,2026-05-30T11:00:00+00:00,,
fotmob,5127486,169,2022,564,1516,2022,4438,Hammarby TFF,6238,AFC Eskilstuna,Hammarby Talang,AFC Eskilstuna,2026-05-30T14:00:00+00:00,,
fotmob,5127839,169,2022,564,1516,2022,241285,Tvååkers IF,1965,Kristianstad FC,Tvååker,Kristianstad,2026-05-30T14:00:00+00:00,,
fotmob,5127837,169,2022,564,1516,2022,418688,Hässleholms IF,73158,Utsiktens BK,Hässleholms IF,Utsikten,2026-05-30T14:30:00+00:00,,
fotmob,5127490,169,2022,564,1516,2022,8601,Umeå,916701,IFK Stocksund,Umeå FC,Stocksund,2026-05-31T12:30:00+00:00,,
fotmob,5127488,169,2022,564,1516,2022,303472,Karlbergs BK,627694,FBK Karlstad,Karlberg,FBK Karlstad,2026-05-31T14:00:00+00:00,,
fotmob,5127485,169,2022,564,1516,2022,841094,FC Arlanda,7997,Gefle,Arlanda,Gefle IF,2026-06-01T17:15:00+00:00,,
fotmob,5127835,169,2022,564,1516,2022,6170,FC Rosengård,8189,Ängelholms FF,Rosengård,Angelholms FF,2026-06-02T17:00:00+00:00,,
fotmob,5127484,169,2022,564,1516,2022,10225,Assyriska FF,8425,Enköping,Assyriska FF,Enköping,2026-06-02T17:30:00+00:00,,
fotmob,5127491,169,2022,564,1516,2022,1967,Vasalunds IF,1225382,FC Järfälla,Vasalund,Järfälla,2026-06-03T17:30:00+00:00,,
fotmob,5127843,169,2022,564,1516,2022,6173,Laholms FK,418688,Hässleholms IF,Laholm,Hässleholms IF,2026-06-04T17:00:00+00:00,,
fotmob,5127492,169,2022,564,1516,2022,6238,AFC Eskilstuna,303472,Karlbergs BK,AFC Eskilstuna,Karlberg,2026-06-04T17:30:00+00:00,,
fotmob,5127493,169,2022,564,1516,2022,627694,FBK Karlstad,191433,IF Karlstad,FBK Karlstad,IF Karlstad,2026-06-05T17:00:00+00:00,,
fotmob,5127841,169,2022,564,1516,2022,8510,Jönköping S.,6183,Trollhättan FC,Jonkopings Sodra,Trollhättan,2026-06-06T14:00:00+00:00,,
fotmob,5127842,169,2022,564,1516,2022,1965,Kristianstad FC,6174,Lunds BK,Kristianstad,Lund,2026-06-07T11:00:00+00:00,,
fotmob,5127497,169,2022,564,1516,2022,2006,Piteå,8425,Enköping,Piteå,Enköping,2026-06-07T12:00:00+00:00,,
fotmob,5127494,169,2022,564,1516,2022,841094,FC Arlanda,10225,Assyriska FF,Arlanda,Assyriska FF,2026-06-07T14:00:00+00:00,,
fotmob,5127845,169,2022,564,1516,2022,73158,Utsiktens BK,6170,FC Rosengård,Utsikten,Rosengård,2026-06-08T17:30:00+00:00,,
fotmob,5127854,169,2022,564,1516,2022,8189,Ängelholms FF,73158,Utsiktens BK,Angelholms FF,Utsikten,2026-06-13T11:00:00+00:00,,
fotmob,5127848,169,2022,564,1516,2022,241064,BK Olympic,6173,Laholms FK,Olympic,Laholm,2026-06-13T11:00:00+00:00,,
fotmob,5127853,169,2022,564,1516,2022,241285,Tvååkers IF,8510,Jönköping S.,Tvååker,Jonkopings Sodra,2026-06-13T11:00:00+00:00,,
fotmob,5127502,169,2022,564,1516,2022,1225382,FC Järfälla,841094,FC Arlanda,Järfälla,Arlanda,2026-06-13T14:00:00+00:00,,
fotmob,5127850,169,2022,564,1516,2022,6183,Trollhättan FC,1965,Kristianstad FC,Trollhättan,Kristianstad,2026-06-13T14:00:00+00:00,,
fotmob,5127504,169,2022,564,1516,2022,916701,IFK Stocksund,111120,Sollentuna FK,Stocksund,Sollentuna,2026-06-13T14:00:00+00:00,,
fotmob,5127851,169,2022,564,1516,2022,418688,Hässleholms IF,8333,Trelleborgs FF,Hässleholms IF,Trelleborg,2026-06-14T11:00:00+00:00,,
fotmob,5127505,169,2022,564,1516,2022,303472,Karlbergs BK,4438,Hammarby TFF,Karlberg,Hammarby Talang,2026-06-14T11:00:00+00:00,,
fotmob,5127500,169,2022,564,1516,2022,6238,AFC Eskilstuna,10225,Assyriska FF,AFC Eskilstuna,Assyriska FF,2026-06-14T14:00:00+00:00,,
fotmob,5127501,169,2022,564,1516,2022,8425,Enköping,1967,Vasalunds IF,Enköping,Vasalund,2026-06-14T14:00:00+00:00,,
fotmob,5127849,169,2022,564,1516,2022,6170,FC Rosengård,6153,Skövde AIK,Rosengård,Skövde AIK,2026-06-14T14:00:00+00:00,,
fotmob,5127506,169,2022,564,1516,2022,1011931,FC Stockholm,627694,FBK Karlstad,Stockholm Internazionale,FBK Karlstad,2026-06-14T14:00:00+00:00,,
fotmob,5127863,169,2022,564,1516,2022,73158,Utsiktens BK,6622,Åtvidaberg,Utsikten,Atvidabergs FF,2026-06-17T17:30:00+00:00,,
fotmob,5127512,169,2022,564,1516,2022,4438,Hammarby TFF,1225382,FC Järfälla,Hammarby Talang,Järfälla,2026-06-18T17:00:00+00:00,,
fotmob,5127858,169,2022,564,1516,2022,8510,Jönköping S.,6174,Lunds BK,Jonkopings Sodra,Lund,2026-06-18T17:00:00+00:00,,
fotmob,5127860,169,2022,564,1516,2022,6153,Skövde AIK,418688,Hässleholms IF,Skövde AIK,Hässleholms IF,2026-06-18T17:00:00+00:00,,
fotmob,5127861,169,2022,564,1516,2022,8333,Trelleborgs FF,6170,FC Rosengård,Trelleborg,Rosengård,2026-06-18T17:00:00+00:00,,
fotmob,5127515,169,2022,564,1516,2022,1967,Vasalunds IF,303472,Karlbergs BK,Vasalund,Karlberg,2026-06-18T17:00:00+00:00,,
fotmob,5127510,169,2022,564,1516,2022,841094,FC Arlanda,916701,IFK Stocksund,Arlanda,Stocksund,2026-06-18T17:15:00+00:00,,
fotmob,5127514,169,2022,564,1516,2022,111120,Sollentuna FK,627694,FBK Karlstad,Sollentuna,FBK Karlstad,2026-06-18T17:30:00+00:00,,
fotmob,5127513,169,2022,564,1516,2022,2006,Piteå,6238,AFC Eskilstuna,Piteå,AFC Eskilstuna,2026-06-21T11:00:00+00:00,,
fotmob,5127509,169,2022,564,1516,2022,8425,Enköping,8601,Umeå,Enköping,Umeå FC,2026-06-21T13:00:00+00:00,,
fotmob,5127859,169,2022,564,1516,2022,1965,Kristianstad FC,6173,Laholms FK,Kristianstad,Laholm,2026-06-21T14:00:00+00:00,,
fotmob,5127508,169,2022,564,1516,2022,10225,Assyriska FF,191433,IF Karlstad,Assyriska FF,IF Karlstad,2026-06-21T15:00:00+00:00,,
fotmob,5127520,169,2022,564,1516,2022,303472,Karlbergs BK,2006,Piteå,Karlberg,Piteå,2026-06-24T17:00:00+00:00,,
fotmob,5127766,169,2023,564,1516,2023,8189,Ängelholms FF,8333,Trelleborgs FF,Angelholms FF,Trelleborg,2026-04-03T11:00:00+00:00,,
fotmob,5127416,169,2023,564,1516,2023,841094,FC Arlanda,1967,Vasalunds IF,Arlanda,Vasalund,2026-04-03T11:00:00+00:00,,
fotmob,5127415,169,2023,564,1516,2023,627694,FBK Karlstad,7997,Gefle,FBK Karlstad,Gefle IF,2026-04-03T14:00:00+00:00,,
fotmob,5127763,169,2023,564,1516,2023,6183,Trollhättan FC,418688,Hässleholms IF,Trollhättan,Hässleholms IF,2026-04-03T14:00:00+00:00,,
fotmob,5127765,169,2023,564,1516,2023,73158,Utsiktens BK,241064,BK Olympic,Utsikten,Olympic,2026-04-03T14:00:00+00:00,,
fotmob,5127414,169,2023,564,1516,2023,8425,Enköping,916701,IFK Stocksund,Enköping,Stocksund,2026-04-04T11:00:00+00:00,,
fotmob,5127761,169,2023,564,1516,2023,303470,Eskilsminne IF,6173,Laholms FK,Eskilsminne,Laholm,2026-04-04T11:00:00+00:00,,
fotmob,5127762,169,2023,564,1516,2023,6170,FC Rosengård,6174,Lunds BK,Rosengård,Lund,2026-04-04T11:00:00+00:00,,
fotmob,5127413,169,2023,564,1516,2023,6238,AFC Eskilstuna,1225382,FC Järfälla,AFC Eskilstuna,Järfälla,2026-04-04T14:00:00+00:00,,
fotmob,5127419,169,2023,564,1516,2023,111120,Sollentuna FK,303472,Karlbergs BK,Sollentuna,Karlberg,2026-04-04T14:00:00+00:00,,
fotmob,5127767,169,2023,564,1516,2023,6622,Åtvidaberg,8510,Jönköping S.,Atvidabergs FF,Jonkopings Sodra,2026-04-05T14:00:00+00:00,,
fotmob,5127412,169,2023,564,1516,2023,10225,Assyriska FF,1011931,FC Stockholm,Assyriska FF,Stockholm Internazionale,2026-04-05T14:00:00+00:00,,
fotmob,5127764,169,2023,564,1516,2023,6153,Skövde AIK,241285,Tvååkers IF,Skövde AIK,Tvååker,2026-04-06T11:00:00+00:00,,
fotmob,5127423,169,2023,564,1516,2023,303472,Karlbergs BK,8425,Enköping,Karlberg,Enköping,2026-04-10T17:30:00+00:00,,
fotmob,5127772,169,2023,564,1516,2023,6173,Laholms FK,8189,Ängelholms FF,Laholm,Angelholms FF,2026-04-11T11:00:00+00:00,,
fotmob,5127420,169,2023,564,1516,2023,1225382,FC Järfälla,111120,Sollentuna FK,Järfälla,Sollentuna,2026-04-11T14:00:00+00:00,,
fotmob,5127771,169,2023,564,1516,2023,1965,Kristianstad FC,6153,Skövde AIK,Kristianstad,Skövde AIK,2026-04-11T14:00:00+00:00,,
fotmob,5127426,169,2023,564,1516,2023,8601,Umeå,841094,FC Arlanda,Umeå FC,Arlanda,2026-04-12T11:00:00+00:00,,
fotmob,5127424,169,2023,564,1516,2023,2006,Piteå,10225,Assyriska FF,Piteå,Assyriska FF,2026-04-12T12:00:00+00:00,,
fotmob,5127427,169,2023,564,1516,2023,1967,Vasalunds IF,627694,FBK Karlstad,Vasalund,FBK Karlstad,2026-04-12T14:00:00+00:00,,
fotmob,5127778,169,2023,564,1516,2023,418688,Hässleholms IF,241064,BK Olympic,Hässleholms IF,Olympic,2026-04-17T17:00:00+00:00,,
fotmob,5127429,169,2023,564,1516,2023,8425,Enköping,627694,FBK Karlstad,Enköping,FBK Karlstad,2026-04-18T11:00:00+00:00,,
fotmob,5127780,169,2023,564,1516,2023,8333,Trelleborgs FF,241285,Tvååkers IF,Trelleborg,Tvååker,2026-04-18T11:00:00+00:00,,
fotmob,5127777,169,2023,564,1516,2023,303470,Eskilsminne IF,8510,Jönköping S.,Eskilsminne,Jonkopings Sodra,2026-04-18T14:00:00+00:00,,
fotmob,5127430,169,2023,564,1516,2023,841094,FC Arlanda,1011931,FC Stockholm,Arlanda,Stockholm Internazionale,2026-04-18T14:00:00+00:00,,
fotmob,5127432,169,2023,564,1516,2023,191433,IF Karlstad,1225382,FC Järfälla,IF Karlstad,Järfälla,2026-04-18T14:00:00+00:00,,
fotmob,5127779,169,2023,564,1516,2023,6153,Skövde AIK,6173,Laholms FK,Skövde AIK,Laholm,2026-04-18T14:00:00+00:00,,
fotmob,5127781,169,2023,564,1516,2023,73158,Utsiktens BK,6183,Trollhättan FC,Utsikten,Trollhättan,2026-04-18T15:00:00+00:00,,
fotmob,5127783,169,2023,564,1516,2023,6622,Åtvidaberg,1965,Kristianstad FC,Atvidabergs FF,Kristianstad,2026-04-19T14:00:00+00:00,,
fotmob,5127433,169,2023,564,1516,2023,916701,IFK Stocksund,6238,AFC Eskilstuna,Stocksund,AFC Eskilstuna,2026-04-20T17:30:00+00:00,,
fotmob,5127786,169,2023,564,1516,2023,6183,Trollhättan FC,6153,Skövde AIK,Trollhättan,Skövde AIK,2026-04-24T17:00:00+00:00,,
fotmob,5127437,169,2023,564,1516,2023,8425,Enköping,841094,FC Arlanda,Enköping,Arlanda,2026-04-24T17:30:00+00:00,,
fotmob,5127790,169,2023,564,1516,2023,8189,Ängelholms FF,418688,Hässleholms IF,Angelholms FF,Hässleholms IF,2026-04-25T11:00:00+00:00,,
fotmob,5127785,169,2023,564,1516,2023,6170,FC Rosengård,303470,Eskilsminne IF,Rosengård,Eskilsminne,2026-04-25T11:00:00+00:00,,
fotmob,5127438,169,2023,564,1516,2023,627694,FBK Karlstad,916701,IFK Stocksund,FBK Karlstad,Stocksund,2026-04-25T14:00:00+00:00,,
fotmob,5127788,169,2023,564,1516,2023,6173,Laholms FK,8333,Trelleborgs FF,Laholm,Trelleborg,2026-04-25T14:00:00+00:00,,
fotmob,5127442,169,2023,564,1516,2023,111120,Sollentuna FK,10225,Assyriska FF,Sollentuna,Assyriska FF,2026-04-25T14:00:00+00:00,,
fotmob,5127436,169,2023,564,1516,2023,6238,AFC Eskilstuna,191433,IF Karlstad,AFC Eskilstuna,IF Karlstad,2026-04-26T14:00:00+00:00,,
fotmob,5127784,169,2023,564,1516,2023,241064,BK Olympic,8510,Jönköping S.,Olympic,Jonkopings Sodra,2026-04-26T14:00:00+00:00,,
fotmob,5127439,169,2023,564,1516,2023,1225382,FC Järfälla,2006,Piteå,Järfälla,Piteå,2026-04-26T14:00:00+00:00,,
fotmob,5127441,169,2023,564,1516,2023,303472,Karlbergs BK,7997,Gefle,Karlberg,Gefle IF,2026-04-26T14:00:00+00:00,,
fotmob,5127787,169,2023,564,1516,2023,1965,Kristianstad FC,73158,Utsiktens BK,Kristianstad,Utsikten,2026-04-26T14:00:00+00:00,,
fotmob,5127794,169,2023,564,1516,2023,418688,Hässleholms IF,6174,Lunds BK,Hässleholms IF,Lund,2026-05-01T11:00:00+00:00,,
fotmob,5127795,169,2023,564,1516,2023,8510,Jönköping S.,1965,Kristianstad FC,Jonkopings Sodra,Kristianstad,2026-05-02T11:00:00+00:00,,
fotmob,5127797,169,2023,564,1516,2023,8333,Trelleborgs FF,241064,BK Olympic,Trelleborg,Olympic,2026-05-02T11:00:00+00:00,,
fotmob,5127798,169,2023,564,1516,2023,241285,Tvååkers IF,6173,Laholms FK,Tvååker,Laholm,2026-05-02T11:00:00+00:00,,
fotmob,5127445,169,2023,564,1516,2023,6238,AFC Eskilstuna,627694,FBK Karlstad,AFC Eskilstuna,FBK Karlstad,2026-05-02T14:00:00+00:00,,
fotmob,5127793,169,2023,564,1516,2023,6183,Trollhättan FC,6170,FC Rosengård,Trollhättan,Rosengård,2026-05-02T14:00:00+00:00,,
fotmob,5127446,169,2023,564,1516,2023,7997,Gefle,8425,Enköping,Gefle IF,Enköping,2026-05-02T14:00:00+00:00,,
fotmob,5127796,169,2023,564,1516,2023,6153,Skövde AIK,6622,Åtvidaberg,Skövde AIK,Atvidabergs FF,2026-05-02T14:00:00+00:00,,
fotmob,5127449,169,2023,564,1516,2023,2006,Piteå,841094,FC Arlanda,Piteå,Arlanda,2026-05-03T13:00:00+00:00,,
fotmob,5127451,169,2023,564,1516,2023,8601,Umeå,303472,Karlbergs BK,Umeå FC,Karlberg,2026-05-03T13:00:00+00:00,,
fotmob,5127444,169,2023,564,1516,2023,10225,Assyriska FF,1225382,FC Järfälla,Assyriska FF,Järfälla,2026-05-03T14:00:00+00:00,,
fotmob,5127452,169,2023,564,1516,2023,8425,Enköping,6238,AFC Eskilstuna,Enköping,AFC Eskilstuna,2026-05-08T17:00:00+00:00,,
fotmob,5127801,169,2023,564,1516,2023,241064,BK Olympic,1965,Kristianstad FC,Olympic,Kristianstad,2026-05-09T11:00:00+00:00,,
fotmob,5127454,169,2023,564,1516,2023,841094,FC Arlanda,111120,Sollentuna FK,Arlanda,Sollentuna,2026-05-09T11:00:00+00:00,,
fotmob,5127802,169,2023,564,1516,2023,303470,Eskilsminne IF,73158,Utsiktens BK,Eskilsminne,Utsikten,2026-05-09T14:00:00+00:00,,
fotmob,5127453,169,2023,564,1516,2023,627694,FBK Karlstad,1225382,FC Järfälla,FBK Karlstad,Järfälla,2026-05-09T14:00:00+00:00,,
fotmob,5127803,169,2023,564,1516,2023,6170,FC Rosengård,241285,Tvååkers IF,Rosengård,Tvååker,2026-05-09T14:00:00+00:00,,
fotmob,5127455,169,2023,564,1516,2023,4438,Hammarby TFF,10225,Assyriska FF,Hammarby Talang,Assyriska FF,2026-05-09T14:00:00+00:00,,
fotmob,5127457,169,2023,564,1516,2023,303472,Karlbergs BK,191433,IF Karlstad,Karlberg,IF Karlstad,2026-05-09T14:00:00+00:00,,
fotmob,5127806,169,2023,564,1516,2023,6153,Skövde AIK,8189,Ängelholms FF,Skövde AIK,Angelholms FF,2026-05-09T14:00:00+00:00,,
fotmob,5127807,169,2023,564,1516,2023,6622,Åtvidaberg,8333,Trelleborgs FF,Atvidabergs FF,Trelleborg,2026-05-10T11:00:00+00:00,,
fotmob,5127804,169,2023,564,1516,2023,8510,Jönköping S.,6173,Laholms FK,Jonkopings Sodra,Laholm,2026-05-10T14:00:00+00:00,,
fotmob,5127466,169,2023,564,1516,2023,1011931,FC Stockholm,6238,AFC Eskilstuna,Stockholm Internazionale,AFC Eskilstuna,2026-05-13T17:00:00+00:00,,
fotmob,5127809,169,2023,564,1516,2023,418688,Hässleholms IF,303470,Eskilsminne IF,Hässleholms IF,Eskilsminne,2026-05-13T17:00:00+00:00,,
fotmob,5127811,169,2023,564,1516,2023,6173,Laholms FK,6174,Lunds BK,Laholm,Lund,2026-05-13T17:00:00+00:00,,
fotmob,5127462,169,2023,564,1516,2023,1225382,FC Järfälla,8425,Enköping,Järfälla,Enköping,2026-05-13T17:30:00+00:00,,
fotmob,5127464,169,2023,564,1516,2023,2006,Piteå,627694,FBK Karlstad,Piteå,FBK Karlstad,2026-05-14T11:00:00+00:00,,
fotmob,5127460,169,2023,564,1516,2023,10225,Assyriska FF,8601,Umeå,Assyriska FF,Umeå FC,2026-05-14T13:00:00+00:00,,
fotmob,5127470,169,2023,564,1516,2023,627694,FBK Karlstad,8601,Umeå,FBK Karlstad,Umeå FC,2026-05-17T11:00:00+00:00,,
fotmob,5127819,169,2023,564,1516,2023,8510,Jönköping S.,418688,Hässleholms IF,Jonkopings Sodra,Hässleholms IF,2026-05-17T11:00:00+00:00,,
fotmob,5127821,169,2023,564,1516,2023,6174,Lunds BK,73158,Utsiktens BK,Lund,Utsikten,2026-05-17T11:00:00+00:00,,
fotmob,5127469,169,2023,564,1516,2023,8425,Enköping,111120,Sollentuna FK,Enköping,Sollentuna,2026-05-17T14:00:00+00:00,,
fotmob,5127818,169,2023,564,1516,2023,303470,Eskilsminne IF,6153,Skövde AIK,Eskilsminne,Skövde AIK,2026-05-17T14:00:00+00:00,,
fotmob,5127471,169,2023,564,1516,2023,7997,Gefle,10225,Assyriska FF,Gefle IF,Assyriska FF,2026-05-17T14:00:00+00:00,,
fotmob,5127822,169,2023,564,1516,2023,8333,Trelleborgs FF,6183,Trollhättan FC,Trelleborg,Trollhättan,2026-05-17T14:00:00+00:00,,
fotmob,5127823,169,2023,564,1516,2023,8189,Ängelholms FF,1965,Kristianstad FC,Angelholms FF,Kristianstad,2026-05-18T17:00:00+00:00,,
fotmob,5127820,169,2023,564,1516,2023,6173,Laholms FK,6170,FC Rosengård,Laholm,Rosengård,2026-05-18T17:00:00+00:00,,
fotmob,5127468,169,2023,564,1516,2023,6238,AFC Eskilstuna,841094,FC Arlanda,AFC Eskilstuna,Arlanda,2026-05-18T17:30:00+00:00,,
fotmob,5127477,169,2023,564,1516,2023,8425,Enköping,4438,Hammarby TFF,Enköping,Hammarby Talang,2026-05-23T11:00:00+00:00,,
fotmob,5127824,169,2023,564,1516,2023,6170,FC Rosengård,241064,BK Olympic,Rosengård,Olympic,2026-05-23T11:00:00+00:00,,
fotmob,5127478,169,2023,564,1516,2023,627694,FBK Karlstad,841094,FC Arlanda,FBK Karlstad,Arlanda,2026-05-23T14:00:00+00:00,,
fotmob,5127479,169,2023,564,1516,2023,1225382,FC Järfälla,7997,Gefle,Järfälla,Gefle IF,2026-05-23T14:00:00+00:00,,
fotmob,5127482,169,2023,564,1516,2023,1011931,FC Stockholm,303472,Karlbergs BK,Stockholm Internazionale,Karlberg,2026-05-23T14:00:00+00:00,,
fotmob,5127480,169,2023,564,1516,2023,916701,IFK Stocksund,10225,Assyriska FF,Stocksund,Assyriska FF,2026-05-23T14:00:00+00:00,,
fotmob,5127831,169,2023,564,1516,2023,6622,Åtvidaberg,6173,Laholms FK,Atvidabergs FF,Laholm,2026-05-24T14:00:00+00:00,,
fotmob,5127476,169,2023,564,1516,2023,6238,AFC Eskilstuna,1967,Vasalunds IF,AFC Eskilstuna,Vasalund,2026-05-24T14:00:00+00:00,,
fotmob,5127825,169,2023,564,1516,2023,8510,Jönköping S.,8189,Ängelholms FF,Jonkopings Sodra,Angelholms FF,2026-05-24T14:00:00+00:00,,
fotmob,5127834,169,2023,564,1516,2023,303470,Eskilsminne IF,8333,Trelleborgs FF,Eskilsminne,Trelleborg,2026-05-30T11:00:00+00:00,,
fotmob,5127486,169,2023,564,1516,2023,4438,Hammarby TFF,6238,AFC Eskilstuna,Hammarby Talang,AFC Eskilstuna,2026-05-30T14:00:00+00:00,,
fotmob,5127839,169,2023,564,1516,2023,241285,Tvååkers IF,1965,Kristianstad FC,Tvååker,Kristianstad,2026-05-30T14:00:00+00:00,,
fotmob,5127837,169,2023,564,1516,2023,418688,Hässleholms IF,73158,Utsiktens BK,Hässleholms IF,Utsikten,2026-05-30T14:30:00+00:00,,
fotmob,5127488,169,2023,564,1516,2023,303472,Karlbergs BK,627694,FBK Karlstad,Karlberg,FBK Karlstad,2026-05-31T14:00:00+00:00,,
fotmob,5127485,169,2023,564,1516,2023,841094,FC Arlanda,7997,Gefle,Arlanda,Gefle IF,2026-06-01T17:15:00+00:00,,
fotmob,5127835,169,2023,564,1516,2023,6170,FC Rosengård,8189,Ängelholms FF,Rosengård,Angelholms FF,2026-06-02T17:00:00+00:00,,
fotmob,5127484,169,2023,564,1516,2023,10225,Assyriska FF,8425,Enköping,Assyriska FF,Enköping,2026-06-02T17:30:00+00:00,,
fotmob,5127491,169,2023,564,1516,2023,1967,Vasalunds IF,1225382,FC Järfälla,Vasalund,Järfälla,2026-06-03T17:30:00+00:00,,
fotmob,5127843,169,2023,564,1516,2023,6173,Laholms FK,418688,Hässleholms IF,Laholm,Hässleholms IF,2026-06-04T17:00:00+00:00,,
fotmob,5127492,169,2023,564,1516,2023,6238,AFC Eskilstuna,303472,Karlbergs BK,AFC Eskilstuna,Karlberg,2026-06-04T17:30:00+00:00,,
fotmob,5127493,169,2023,564,1516,2023,627694,FBK Karlstad,191433,IF Karlstad,FBK Karlstad,IF Karlstad,2026-06-05T17:00:00+00:00,,
fotmob,5127841,169,2023,564,1516,2023,8510,Jönköping S.,6183,Trollhättan FC,Jonkopings Sodra,Trollhättan,2026-06-06T14:00:00+00:00,,
fotmob,5127842,169,2023,564,1516,2023,1965,Kristianstad FC,6174,Lunds BK,Kristianstad,Lund,2026-06-07T11:00:00+00:00,,
fotmob,5127497,169,2023,564,1516,2023,2006,Piteå,8425,Enköping,Piteå,Enköping,2026-06-07T12:00:00+00:00,,
fotmob,5127494,169,2023,564,1516,2023,841094,FC Arlanda,10225,Assyriska FF,Arlanda,Assyriska FF,2026-06-07T14:00:00+00:00,,
fotmob,5127495,169,2023,564,1516,2023,1225382,FC Järfälla,916701,IFK Stocksund,Järfälla,Stocksund,2026-06-08T17:30:00+00:00,,
fotmob,5127845,169,2023,564,1516,2023,73158,Utsiktens BK,6170,FC Rosengård,Utsikten,Rosengård,2026-06-08T17:30:00+00:00,,
fotmob,5127854,169,2023,564,1516,2023,8189,Ängelholms FF,73158,Utsiktens BK,Angelholms FF,Utsikten,2026-06-13T11:00:00+00:00,,
fotmob,5127848,169,2023,564,1516,2023,241064,BK Olympic,6173,Laholms FK,Olympic,Laholm,2026-06-13T11:00:00+00:00,,
fotmob,5127853,169,2023,564,1516,2023,241285,Tvååkers IF,8510,Jönköping S.,Tvååker,Jonkopings Sodra,2026-06-13T11:00:00+00:00,,
fotmob,5127850,169,2023,564,1516,2023,6183,Trollhättan FC,1965,Kristianstad FC,Trollhättan,Kristianstad,2026-06-13T14:00:00+00:00,,
fotmob,5127851,169,2023,564,1516,2023,418688,Hässleholms IF,8333,Trelleborgs FF,Hässleholms IF,Trelleborg,2026-06-14T11:00:00+00:00,,
fotmob,5127505,169,2023,564,1516,2023,303472,Karlbergs BK,4438,Hammarby TFF,Karlberg,Hammarby Talang,2026-06-14T11:00:00+00:00,,
fotmob,5127500,169,2023,564,1516,2023,6238,AFC Eskilstuna,10225,Assyriska FF,AFC Eskilstuna,Assyriska FF,2026-06-14T14:00:00+00:00,,
fotmob,5127501,169,2023,564,1516,2023,8425,Enköping,1967,Vasalunds IF,Enköping,Vasalund,2026-06-14T14:00:00+00:00,,
fotmob,5127849,169,2023,564,1516,2023,6170,FC Rosengård,6153,Skövde AIK,Rosengård,Skövde AIK,2026-06-14T14:00:00+00:00,,
fotmob,5127506,169,2023,564,1516,2023,1011931,FC Stockholm,627694,FBK Karlstad,Stockholm Internazionale,FBK Karlstad,2026-06-14T14:00:00+00:00,,
fotmob,5127863,169,2023,564,1516,2023,73158,Utsiktens BK,6622,Åtvidaberg,Utsikten,Atvidabergs FF,2026-06-17T17:30:00+00:00,,
fotmob,5127512,169,2023,564,1516,2023,4438,Hammarby TFF,1225382,FC Järfälla,Hammarby Talang,Järfälla,2026-06-18T17:00:00+00:00,,
fotmob,5127858,169,2023,564,1516,2023,8510,Jönköping S.,6174,Lunds BK,Jonkopings Sodra,Lund,2026-06-18T17:00:00+00:00,,
fotmob,5127860,169,2023,564,1516,2023,6153,Skövde AIK,418688,Hässleholms IF,Skövde AIK,Hässleholms IF,2026-06-18T17:00:00+00:00,,
fotmob,5127861,169,2023,564,1516,2023,8333,Trelleborgs FF,6170,FC Rosengård,Trelleborg,Rosengård,2026-06-18T17:00:00+00:00,,
fotmob,5127515,169,2023,564,1516,2023,1967,Vasalunds IF,303472,Karlbergs BK,Vasalund,Karlberg,2026-06-18T17:00:00+00:00,,
fotmob,5127510,169,2023,564,1516,2023,841094,FC Arlanda,916701,IFK Stocksund,Arlanda,Stocksund,2026-06-18T17:15:00+00:00,,
fotmob,5127514,169,2023,564,1516,2023,111120,Sollentuna FK,627694,FBK Karlstad,Sollentuna,FBK Karlstad,2026-06-18T17:30:00+00:00,,
fotmob,5127513,169,2023,564,1516,2023,2006,Piteå,6238,AFC Eskilstuna,Piteå,AFC Eskilstuna,2026-06-21T11:00:00+00:00,,
fotmob,5127509,169,2023,564,1516,2023,8425,Enköping,8601,Umeå,Enköping,Umeå FC,2026-06-21T13:00:00+00:00,,
fotmob,5127859,169,2023,564,1516,2023,1965,Kristianstad FC,6173,Laholms FK,Kristianstad,Laholm,2026-06-21T14:00:00+00:00,,
fotmob,5127508,169,2023,564,1516,2023,10225,Assyriska FF,191433,IF Karlstad,Assyriska FF,IF Karlstad,2026-06-21T15:00:00+00:00,,
fotmob,5127520,169,2023,564,1516,2023,303472,Karlbergs BK,2006,Piteå,Karlberg,Piteå,2026-06-24T17:00:00+00:00,,
fotmob,3820383,9441,2022,257,1408,2022,1128320,Cleveland SC,824154,Chicago FC United,Cleveland SC,Chicago FC United,2022-03-22T23:15:00+00:00,,
fotmob,3820375,9441,2022,257,1408,2022,727433,Brave SC,1334305,Orlando FC Wolves,Brave SC,Orlando FC Wolves,2022-03-22T23:30:00+00:00,,
fotmob,3820385,9441,2022,257,1408,2022,1334312,Lynchburg FC,1334314,Northern Virginia FC,Lynchburg,Northern Virginia FC,2022-03-23T23:00:00+00:00,,
fotmob,3820378,9441,2022,257,1408,2022,162188,Capital FC,1334315,Contra Costa FC,Capital FC,Contra Costa,2022-03-24T02:00:00+00:00,,
fotmob,3849705,9441,2022,257,1408,2022,1334312,Lynchburg FC,1334314,Northern Virginia FC,Lynchburg,Northern Virginia FC,2022-03-30T23:30:00+00:00,,
fotmob,3849171,9441,2022,257,1408,2022,197328,Tampa Bay Rowdies,727433,Brave SC,Tampa Bay Rowdies,Brave SC,2022-04-05T23:30:00+00:00,,
fotmob,3854715,9441,2022,257,1408,2022,839074,FC Motown,1334654,AC Syracuse Pulse,FC Motown,Syracuse Pulse,2022-04-06T23:00:00+00:00,,
fotmob,3849630,9441,2022,257,1408,2022,721896,Miami FC,634267,Miami United,Miami United,Miami United,2022-04-06T23:00:00+00:00,,
fotmob,3853683,9441,2022,257,1408,2022,1334314,Northern Virginia FC,267811,Richmond Kickers,Northern Virginia FC,Richmond Kickers,2022-04-07T00:00:00+00:00,,
fotmob,3849647,9441,2022,257,1408,2022,521004,Sacramento Republic FC,162188,Capital FC,Sacramento Republic,Capital FC,2022-04-08T02:30:00+00:00,,
fotmob,3859055,9441,2022,257,1408,2022,721896,Miami FC,960720,Inter Miami CF,Miami United,Inter Miami,2022-04-19T23:00:00+00:00,,
fotmob,4125897,9441,2023,257,1408,2023,1442438,Club de Lyon FC 2,1358095,NONA FC,Club De Lyon,Nona,2023-03-22T23:00:00+00:00,,
fotmob,4118155,9441,2023,257,1408,2023,1437472,Tennessee Tempo,540889,Des Moines Menace,Tennessee Tempo,Des Moines Menace,2023-03-23T00:00:00+00:00,,
fotmob,4118151,9441,2023,257,1408,2023,540887,Tulsa Athletics,824152,Twin City Toucans,Tulsa Athletics,Twin City Toucans,2023-03-23T00:00:00+00:00,,
fotmob,4145392,9441,2023,257,1408,2023,721896,Miami FC,839076,Jacksonville Armada U23,Miami United,Jacksonville Armada II,2023-04-04T23:00:00+00:00,,
fotmob,4125900,9441,2023,257,1408,2023,267816,Pittsburgh Riverhounds SC,162182,Rochester New York FC,Pittsburgh Riverhounds,Rochester Rhinos,2023-04-05T23:00:00+00:00,,
fotmob,4153384,9441,2023,257,1408,2023,721896,Miami FC,960720,Inter Miami CF,Miami United,Inter Miami,2023-04-26T23:30:00+00:00,,
fotmob,5107437,67,2022,113,1458,2022,8349,AIK,8310,Halmstads BK,AIK Stockholm,Halmstad,2026-04-05T12:00:00+00:00,,
fotmob,5107444,67,2022,113,1458,2022,9892,Kalmar FF,6194,Västerås SK,Kalmar FF,Vasteras SK FK,2026-04-05T12:00:00+00:00,,
fotmob,5107440,67,2022,113,1458,2022,10002,Örgryte,10237,Malmö FF,Orgryte IS,Malmo FF,2026-04-05T14:30:00+00:00,,
fotmob,5107441,67,2022,113,1458,2022,8428,Häcken,8501,Brommapojkarna,BK Hacken,IF Brommapojkarna,2026-04-06T12:00:00+00:00,,
fotmob,5107439,67,2022,113,1458,2022,8297,GAIS,9802,Djurgården,Gais,Djurgardens IF,2026-04-06T14:30:00+00:00,,
fotmob,5107447,67,2022,113,1458,2022,8127,Mjällby,10002,Örgryte,Mjallby AIF,Orgryte IS,2026-04-11T13:00:00+00:00,,
fotmob,5107451,67,2022,113,1458,2022,6194,Västerås SK,8014,Elfsborg,Vasteras SK FK,IF Elfsborg,2026-04-11T13:00:00+00:00,,
fotmob,5107452,67,2022,113,1458,2022,8310,Halmstads BK,6544,Degerfors,Halmstad,Degerfors IF,2026-04-12T12:00:00+00:00,,
fotmob,5107448,67,2022,113,1458,2022,10237,Malmö FF,8297,GAIS,Malmo FF,Gais,2026-04-12T14:30:00+00:00,,
fotmob,5107449,67,2022,113,1458,2022,8501,Brommapojkarna,8349,AIK,IF Brommapojkarna,AIK Stockholm,2026-04-13T17:00:00+00:00,,
fotmob,5107460,67,2022,113,1458,2022,8310,Halmstads BK,9893,IFK Göteborg,Halmstad,IFK Goteborg,2026-04-18T13:00:00+00:00,,
fotmob,5107455,67,2022,113,1458,2022,8248,Hammarby,10002,Örgryte,Hammarby FF,Orgryte IS,2026-04-18T13:00:00+00:00,,
fotmob,5107457,67,2022,113,1458,2022,8127,Mjällby,8501,Brommapojkarna,Mjallby AIF,IF Brommapojkarna,2026-04-18T13:00:00+00:00,,
fotmob,5107459,67,2022,113,1458,2022,6694,Sirius,6194,Västerås SK,Sirius,Vasteras SK FK,2026-04-18T13:00:00+00:00,,
fotmob,5107456,67,2022,113,1458,2022,8428,Häcken,8297,GAIS,BK Hacken,Gais,2026-04-19T14:30:00+00:00,,
fotmob,5107461,67,2022,113,1458,2022,8248,Hammarby,8310,Halmstads BK,Hammarby FF,Halmstad,2026-04-22T17:00:00+00:00,,
fotmob,5107467,67,2022,113,1458,2022,6194,Västerås SK,8428,Häcken,Vasteras SK FK,BK Hacken,2026-04-22T17:00:00+00:00,,
fotmob,5107462,67,2022,113,1458,2022,8297,GAIS,8127,Mjällby,Gais,Mjallby AIF,2026-04-23T17:00:00+00:00,,
fotmob,5107471,67,2022,113,1458,2022,9893,IFK Göteborg,8297,GAIS,IFK Goteborg,Gais,2026-04-26T14:30:00+00:00,,
fotmob,5107474,67,2022,113,1458,2022,8127,Mjällby,8310,Halmstads BK,Mjallby AIF,Halmstad,2026-04-27T17:00:00+00:00,,
fotmob,5107472,67,2022,113,1458,2022,10002,Örgryte,6544,Degerfors,Orgryte IS,Degerfors IF,2026-04-27T17:00:00+00:00,,
fotmob,5107478,67,2022,113,1458,2022,8248,Hammarby,6194,Västerås SK,Hammarby FF,Vasteras SK FK,2026-05-03T12:00:00+00:00,,
fotmob,5107479,67,2022,113,1458,2022,8297,GAIS,10002,Örgryte,Gais,Orgryte IS,2026-05-03T14:30:00+00:00,,
fotmob,5107488,67,2022,113,1458,2022,8014,Elfsborg,8501,Brommapojkarna,IF Elfsborg,IF Brommapojkarna,2026-05-08T17:00:00+00:00,,
fotmob,5107491,67,2022,113,1458,2022,6194,Västerås SK,8297,GAIS,Vasteras SK FK,Gais,2026-05-09T13:00:00+00:00,,
fotmob,5107492,67,2022,113,1458,2022,9892,Kalmar FF,8310,Halmstads BK,Kalmar FF,Halmstad,2026-05-10T12:00:00+00:00,,
fotmob,5107490,67,2022,113,1458,2022,6694,Sirius,10002,Örgryte,Sirius,Orgryte IS,2026-05-11T17:00:00+00:00,,
fotmob,5107495,67,2022,113,1458,2022,8297,GAIS,6544,Degerfors,Gais,Degerfors IF,2026-05-16T13:00:00+00:00,,
fotmob,5107500,67,2022,113,1458,2022,8310,Halmstads BK,8014,Elfsborg,Halmstad,IF Elfsborg,2026-05-16T13:00:00+00:00,,
fotmob,5107498,67,2022,113,1458,2022,8501,Brommapojkarna,9892,Kalmar FF,IF Brommapojkarna,Kalmar FF,2026-05-17T12:00:00+00:00,,
fotmob,5107499,67,2022,113,1458,2022,6194,Västerås SK,8349,AIK,Vasteras SK FK,AIK Stockholm,2026-05-17T14:30:00+00:00,,
fotmob,5107496,67,2022,113,1458,2022,10002,Örgryte,9893,IFK Göteborg,Orgryte IS,IFK Goteborg,2026-05-19T13:00:00+00:00,,
fotmob,5107552,67,2022,113,1458,2022,8297,GAIS,8248,Hammarby,Gais,Hammarby FF,2026-05-20T17:00:00+00:00,,
fotmob,5107501,67,2022,113,1458,2022,9802,Djurgården,8501,Brommapojkarna,Djurgardens IF,IF Brommapojkarna,2026-05-22T17:00:00+00:00,,
fotmob,5107506,67,2022,113,1458,2022,6694,Sirius,8297,GAIS,Sirius,Gais,2026-05-24T12:00:00+00:00,,
fotmob,5107504,67,2022,113,1458,2022,10237,Malmö FF,6194,Västerås SK,Malmo FF,Vasteras SK FK,2026-05-24T14:30:00+00:00,,
fotmob,5107511,67,2022,113,1458,2022,10002,Örgryte,8014,Elfsborg,Orgryte IS,IF Elfsborg,2026-05-29T17:00:00+00:00,,
fotmob,5107510,67,2022,113,1458,2022,8297,GAIS,9892,Kalmar FF,Gais,Kalmar FF,2026-05-30T13:00:00+00:00,,
fotmob,5107514,67,2022,113,1458,2022,10237,Malmö FF,8310,Halmstads BK,Malmo FF,Halmstad,2026-05-30T13:00:00+00:00,,
fotmob,5107515,67,2022,113,1458,2022,6544,Degerfors,8501,Brommapojkarna,Degerfors IF,IF Brommapojkarna,2026-05-31T12:00:00+00:00,,
fotmob,5107516,67,2022,113,1458,2022,6194,Västerås SK,9893,IFK Göteborg,Vasteras SK FK,IFK Goteborg,2026-05-31T12:00:00+00:00,,
fotmob,5107444,67,2023,113,1458,2023,9892,Kalmar FF,6194,Västerås SK,Kalmar FF,Vasteras SK FK,2026-04-05T12:00:00+00:00,,
fotmob,5107440,67,2023,113,1458,2023,10002,Örgryte,10237,Malmö FF,Orgryte IS,Malmo FF,2026-04-05T14:30:00+00:00,,
fotmob,5107439,67,2023,113,1458,2023,8297,GAIS,9802,Djurgården,Gais,Djurgardens IF,2026-04-06T14:30:00+00:00,,
fotmob,5107447,67,2023,113,1458,2023,8127,Mjällby,10002,Örgryte,Mjallby AIF,Orgryte IS,2026-04-11T13:00:00+00:00,,
fotmob,5107451,67,2023,113,1458,2023,6194,Västerås SK,8014,Elfsborg,Vasteras SK FK,IF Elfsborg,2026-04-11T13:00:00+00:00,,
fotmob,5107448,67,2023,113,1458,2023,10237,Malmö FF,8297,GAIS,Malmo FF,Gais,2026-04-12T14:30:00+00:00,,
fotmob,5107455,67,2023,113,1458,2023,8248,Hammarby,10002,Örgryte,Hammarby FF,Orgryte IS,2026-04-18T13:00:00+00:00,,
fotmob,5107459,67,2023,113,1458,2023,6694,Sirius,6194,Västerås SK,Sirius,Vasteras SK FK,2026-04-18T13:00:00+00:00,,
fotmob,5107456,67,2023,113,1458,2023,8428,Häcken,8297,GAIS,BK Hacken,Gais,2026-04-19T14:30:00+00:00,,
fotmob,5107463,67,2023,113,1458,2023,10002,Örgryte,8501,Brommapojkarna,Orgryte IS,IF Brommapojkarna,2026-04-22T17:00:00+00:00,,
fotmob,5107467,67,2023,113,1458,2023,6194,Västerås SK,8428,Häcken,Vasteras SK FK,BK Hacken,2026-04-22T17:00:00+00:00,,
fotmob,5107462,67,2023,113,1458,2023,8297,GAIS,8127,Mjällby,Gais,Mjallby AIF,2026-04-23T17:00:00+00:00,,
fotmob,5107475,67,2023,113,1458,2023,8501,Brommapojkarna,6194,Västerås SK,IF Brommapojkarna,Vasteras SK FK,2026-04-26T14:30:00+00:00,,
fotmob,5107471,67,2023,113,1458,2023,9893,IFK Göteborg,8297,GAIS,IFK Goteborg,Gais,2026-04-26T14:30:00+00:00,,
fotmob,5107472,67,2023,113,1458,2023,10002,Örgryte,6544,Degerfors,Orgryte IS,Degerfors IF,2026-04-27T17:00:00+00:00,,
fotmob,5107478,67,2023,113,1458,2023,8248,Hammarby,6194,Västerås SK,Hammarby FF,Vasteras SK FK,2026-05-03T12:00:00+00:00,,
fotmob,5107490,67,2023,113,1458,2023,6694,Sirius,10002,Örgryte,Sirius,Orgryte IS,2026-05-11T17:00:00+00:00,,
fotmob,5107495,67,2023,113,1458,2023,8297,GAIS,6544,Degerfors,Gais,Degerfors IF,2026-05-16T13:00:00+00:00,,
fotmob,5107499,67,2023,113,1458,2023,6194,Västerås SK,8349,AIK,Vasteras SK FK,AIK Stockholm,2026-05-17T14:30:00+00:00,,
fotmob,5107496,67,2023,113,1458,2023,10002,Örgryte,9893,IFK Göteborg,Orgryte IS,IFK Goteborg,2026-05-19T13:00:00+00:00,,
fotmob,5107552,67,2023,113,1458,2023,8297,GAIS,8248,Hammarby,Gais,Hammarby FF,2026-05-20T17:00:00+00:00,,
fotmob,5107508,67,2023,113,1458,2023,8310,Halmstads BK,10002,Örgryte,Halmstad,Orgryte IS,2026-05-23T13:00:00+00:00,,
fotmob,5107506,67,2023,113,1458,2023,6694,Sirius,8297,GAIS,Sirius,Gais,2026-05-24T12:00:00+00:00,,
fotmob,5107504,67,2023,113,1458,2023,10237,Malmö FF,6194,Västerås SK,Malmo FF,Vasteras SK FK,2026-05-24T14:30:00+00:00,,
fotmob,5107511,67,2023,113,1458,2023,10002,Örgryte,8014,Elfsborg,Orgryte IS,IF Elfsborg,2026-05-29T17:00:00+00:00,,
fotmob,5107510,67,2023,113,1458,2023,8297,GAIS,9892,Kalmar FF,Gais,Kalmar FF,2026-05-30T13:00:00+00:00,,
fotmob,5107516,67,2023,113,1458,2023,6194,Västerås SK,9893,IFK Göteborg,Vasteras SK FK,IFK Goteborg,2026-05-31T12:00:00+00:00,,
fotmob,5125446,168,2022,114,1491,2022,9859,Helsingborg,8641,Östers IF,Helsingborg,Osters IF,2026-04-03T13:00:00+00:00,,
fotmob,5125451,168,2022,114,1491,2022,8359,GIF Sundsvall,1144284,Nordic United FC,GIF Sundsvall,United Nordic,2026-04-06T11:00:00+00:00,,
fotmob,5125452,168,2022,114,1491,2022,6692,Varbergs BoIS FC,2004,Östersunds FK,Varbergs BoIS FC,Ostersunds FK,2026-04-06T13:00:00+00:00,,
fotmob,5125449,168,2022,114,1491,2022,6160,IK Oddevold,6241,Sandvikens IF,Oddevold,Sandviken,2026-04-07T17:00:00+00:00,,
fotmob,5125455,168,2022,114,1491,2022,8500,Ljungskile,8449,IFK Norrköping,Ljungskile SK,IFK Norrkoping,2026-04-11T11:00:00+00:00,,
fotmob,5125456,168,2022,114,1491,2022,1144284,Nordic United FC,9859,Helsingborg,United Nordic,Helsingborg,2026-04-11T13:00:00+00:00,,
fotmob,5125453,168,2022,114,1491,2022,6690,IK Brage,6160,IK Oddevold,IK brage,Oddevold,2026-04-12T13:00:00+00:00,,
fotmob,5125454,168,2022,114,1491,2022,8511,Landskrona BoIS,6545,Falkenbergs FF,Landskrona BoIS,Falkenbergs FF,2026-04-12T13:00:00+00:00,,
fotmob,5125459,168,2022,114,1491,2022,6241,Sandvikens IF,6692,Varbergs BoIS FC,Sandviken,Varbergs BoIS FC,2026-04-12T15:00:00+00:00,,
fotmob,5125468,168,2022,114,1491,2022,6692,Varbergs BoIS FC,1144284,Nordic United FC,Varbergs BoIS FC,United Nordic,2026-04-18T11:00:00+00:00,,
fotmob,5125466,168,2022,114,1491,2022,6241,Sandvikens IF,6181,IFK Värnamo,Sandviken,IFK Varnamo,2026-04-18T13:00:00+00:00,,
fotmob,5125462,168,2022,114,1491,2022,8511,Landskrona BoIS,8500,Ljungskile,Landskrona BoIS,Ljungskile SK,2026-04-18T15:00:00+00:00,,
fotmob,5125463,168,2022,114,1491,2022,2014,Norrby,6545,Falkenbergs FF,Norrby IF,Falkenbergs FF,2026-04-19T11:00:00+00:00,,
fotmob,5125461,168,2022,114,1491,2022,9859,Helsingborg,2004,Östersunds FK,Helsingborg,Ostersunds FK,2026-04-19T13:00:00+00:00,,
fotmob,5125464,168,2022,114,1491,2022,6160,IK Oddevold,8641,Östers IF,Oddevold,Osters IF,2026-04-20T17:00:00+00:00,,
fotmob,5125467,168,2022,114,1491,2022,8359,GIF Sundsvall,6690,IK Brage,GIF Sundsvall,IK brage,2026-04-20T17:05:00+00:00,,
fotmob,5125465,168,2022,114,1491,2022,8527,Örebro,8449,IFK Norrköping,Orebro SK,IFK Norrkoping,2026-04-21T17:00:00+00:00,,
fotmob,5125471,168,2022,114,1491,2022,8500,Ljungskile,9859,Helsingborg,Ljungskile SK,Helsingborg,2026-04-24T17:00:00+00:00,,
fotmob,5125470,168,2022,114,1491,2022,6545,Falkenbergs FF,8359,GIF Sundsvall,Falkenbergs FF,GIF Sundsvall,2026-04-25T13:00:00+00:00,,
fotmob,5125472,168,2022,114,1491,2022,1144284,Nordic United FC,6241,Sandvikens IF,United Nordic,Sandviken,2026-04-25T15:00:00+00:00,,
fotmob,5125476,168,2022,114,1491,2022,6181,IFK Värnamo,6160,IK Oddevold,IFK Varnamo,Oddevold,2026-04-26T11:00:00+00:00,,
fotmob,5125469,168,2022,114,1491,2022,6690,IK Brage,6692,Varbergs BoIS FC,IK brage,Varbergs BoIS FC,2026-04-26T13:00:00+00:00,,
fotmob,5125473,168,2022,114,1491,2022,8449,IFK Norrköping,8511,Landskrona BoIS,IFK Norrkoping,Landskrona BoIS,2026-04-28T17:00:00+00:00,,
fotmob,5125480,168,2022,114,1491,2022,8500,Ljungskile,1144284,Nordic United FC,Ljungskile SK,United Nordic,2026-05-02T11:00:00+00:00,,
fotmob,5125482,168,2022,114,1491,2022,6241,Sandvikens IF,2014,Norrby,Sandviken,Norrby IF,2026-05-02T13:00:00+00:00,,
fotmob,5125484,168,2022,114,1491,2022,6692,Varbergs BoIS FC,8527,Örebro,Varbergs BoIS FC,Orebro SK,2026-05-02T13:00:00+00:00,,
fotmob,5125483,168,2022,114,1491,2022,8359,GIF Sundsvall,6160,IK Oddevold,GIF Sundsvall,Oddevold,2026-05-02T15:00:00+00:00,,
fotmob,5125481,168,2022,114,1491,2022,2004,Östersunds FK,6181,IFK Värnamo,Ostersunds FK,IFK Varnamo,2026-05-03T11:00:00+00:00,,
fotmob,5125478,168,2022,114,1491,2022,9859,Helsingborg,6690,IK Brage,Helsingborg,IK brage,2026-05-03T13:00:00+00:00,,
fotmob,5125477,168,2022,114,1491,2022,6545,Falkenbergs FF,8449,IFK Norrköping,Falkenbergs FF,IFK Norrkoping,2026-05-05T17:00:00+00:00,,
fotmob,5125487,168,2022,114,1491,2022,6160,IK Oddevold,8511,Landskrona BoIS,Oddevold,Landskrona BoIS,2026-05-09T11:00:00+00:00,,
fotmob,5125485,168,2022,114,1491,2022,1144284,Nordic United FC,8641,Östers IF,United Nordic,Osters IF,2026-05-09T11:00:00+00:00,,
fotmob,5125486,168,2022,114,1491,2022,2014,Norrby,9859,Helsingborg,Norrby IF,Helsingborg,2026-05-09T13:00:00+00:00,,
fotmob,5125490,168,2022,114,1491,2022,6241,Sandvikens IF,8500,Ljungskile,Sandviken,Ljungskile SK,2026-05-09T15:00:00+00:00,,
fotmob,5125500,168,2022,114,1491,2022,6181,IFK Värnamo,8527,Örebro,IFK Varnamo,Orebro SK,2026-05-12T17:00:00+00:00,,
fotmob,5125494,168,2022,114,1491,2022,6545,Falkenbergs FF,6692,Varbergs BoIS FC,Falkenbergs FF,Varbergs BoIS FC,2026-05-13T17:00:00+00:00,,
fotmob,5125495,168,2022,114,1491,2022,9859,Helsingborg,6160,IK Oddevold,Helsingborg,Oddevold,2026-05-13T17:00:00+00:00,,
fotmob,5125498,168,2022,114,1491,2022,8449,IFK Norrköping,1144284,Nordic United FC,IFK Norrkoping,United Nordic,2026-05-13T17:00:00+00:00,,
fotmob,5125499,168,2022,114,1491,2022,8641,Östers IF,6241,Sandvikens IF,Osters IF,Sandviken,2026-05-13T17:00:00+00:00,,
fotmob,5125497,168,2022,114,1491,2022,8500,Ljungskile,8359,GIF Sundsvall,Ljungskile SK,GIF Sundsvall,2026-05-14T15:00:00+00:00,,
fotmob,5125501,168,2022,114,1491,2022,6690,IK Brage,8449,IFK Norrköping,IK brage,IFK Norrkoping,2026-05-16T15:00:00+00:00,,
fotmob,5125506,168,2022,114,1491,2022,2004,Östersunds FK,6241,Sandvikens IF,Ostersunds FK,Sandviken,2026-05-17T11:00:00+00:00,,
fotmob,5125503,168,2022,114,1491,2022,1144284,Nordic United FC,6545,Falkenbergs FF,United Nordic,Falkenbergs FF,2026-05-17T13:00:00+00:00,,
fotmob,5125505,168,2022,114,1491,2022,8641,Östers IF,8500,Ljungskile,Osters IF,Ljungskile SK,2026-05-17T13:00:00+00:00,,
fotmob,5125508,168,2022,114,1491,2022,6181,IFK Värnamo,2014,Norrby,IFK Varnamo,Norrby IF,2026-05-17T15:00:00+00:00,,
fotmob,5125507,168,2022,114,1491,2022,8359,GIF Sundsvall,8511,Landskrona BoIS,GIF Sundsvall,Landskrona BoIS,2026-05-18T17:00:00+00:00,,
fotmob,5125504,168,2022,114,1491,2022,6160,IK Oddevold,8527,Örebro,Oddevold,Orebro SK,2026-05-18T17:05:00+00:00,,
fotmob,5125511,168,2022,114,1491,2022,2014,Norrby,8500,Ljungskile,Norrby IF,Ljungskile SK,2026-05-23T11:00:00+00:00,,
fotmob,5125513,168,2022,114,1491,2022,6160,IK Oddevold,2004,Östersunds FK,Oddevold,Ostersunds FK,2026-05-23T13:00:00+00:00,,
fotmob,5125510,168,2022,114,1491,2022,1144284,Nordic United FC,6690,IK Brage,United Nordic,IK brage,2026-05-23T13:00:00+00:00,,
fotmob,5125509,168,2022,114,1491,2022,6545,Falkenbergs FF,6181,IFK Värnamo,Falkenbergs FF,IFK Varnamo,2026-05-23T15:00:00+00:00,,
fotmob,5125515,168,2022,114,1491,2022,6241,Sandvikens IF,8511,Landskrona BoIS,Sandviken,Landskrona BoIS,2026-05-24T15:00:00+00:00,,
fotmob,5125512,168,2022,114,1491,2022,8449,IFK Norrköping,8641,Östers IF,IFK Norrkoping,Osters IF,2026-05-25T17:05:00+00:00,,
fotmob,5125514,168,2022,114,1491,2022,8527,Örebro,9859,Helsingborg,Orebro SK,Helsingborg,2026-05-26T17:00:00+00:00,,
fotmob,5125520,168,2022,114,1491,2022,8500,Ljungskile,6692,Varbergs BoIS FC,Ljungskile SK,Varbergs BoIS FC,2026-05-30T11:00:00+00:00,,
fotmob,5125523,168,2022,114,1491,2022,8359,GIF Sundsvall,6241,Sandvikens IF,GIF Sundsvall,Sandviken,2026-05-30T13:00:00+00:00,,
fotmob,5125524,168,2022,114,1491,2022,6181,IFK Värnamo,1144284,Nordic United FC,IFK Varnamo,United Nordic,2026-05-31T13:00:00+00:00,,
fotmob,5125525,168,2022,114,1491,2022,6690,IK Brage,8500,Ljungskile,IK brage,Ljungskile SK,2026-06-09T17:00:00+00:00,,
fotmob,5125528,168,2022,114,1491,2022,6160,IK Oddevold,8449,IFK Norrköping,Oddevold,IFK Norrkoping,2026-06-09T17:00:00+00:00,,
fotmob,5125527,168,2022,114,1491,2022,1144284,Nordic United FC,2004,Östersunds FK,United Nordic,Ostersunds FK,2026-06-09T17:00:00+00:00,,
fotmob,5125530,168,2022,114,1491,2022,8641,Östers IF,6181,IFK Värnamo,Osters IF,IFK Varnamo,2026-06-09T17:00:00+00:00,,
fotmob,5125531,168,2022,114,1491,2022,6241,Sandvikens IF,6545,Falkenbergs FF,Sandviken,Falkenbergs FF,2026-06-09T17:00:00+00:00,,
fotmob,5125529,168,2022,114,1491,2022,8527,Örebro,8359,GIF Sundsvall,Orebro SK,GIF Sundsvall,2026-06-10T17:00:00+00:00,,
fotmob,5125532,168,2022,114,1491,2022,6692,Varbergs BoIS FC,2014,Norrby,Varbergs BoIS FC,Norrby IF,2026-06-10T17:00:00+00:00,,
fotmob,5125526,168,2022,114,1491,2022,9859,Helsingborg,8511,Landskrona BoIS,Helsingborg,Landskrona BoIS,2026-06-11T17:00:00+00:00,,
fotmob,5125536,168,2022,114,1491,2022,2014,Norrby,6160,IK Oddevold,Norrby IF,Oddevold,2026-06-14T11:00:00+00:00,,
fotmob,5125533,168,2022,114,1491,2022,6545,Falkenbergs FF,8527,Örebro,Falkenbergs FF,Orebro SK,2026-06-14T13:00:00+00:00,,
fotmob,5125535,168,2022,114,1491,2022,8500,Ljungskile,2004,Östersunds FK,Ljungskile SK,Ostersunds FK,2026-06-14T13:00:00+00:00,,
fotmob,5125538,168,2022,114,1491,2022,6241,Sandvikens IF,6690,IK Brage,Sandviken,IK brage,2026-06-14T15:00:00+00:00,,
fotmob,5125539,168,2022,114,1491,2022,8359,GIF Sundsvall,8641,Östers IF,GIF Sundsvall,Osters IF,2026-06-15T17:00:00+00:00,,
fotmob,5125534,168,2022,114,1491,2022,8511,Landskrona BoIS,1144284,Nordic United FC,Landskrona BoIS,United Nordic,2026-06-16T17:00:00+00:00,,
fotmob,5125541,168,2022,114,1491,2022,6690,IK Brage,6181,IFK Värnamo,IK brage,IFK Varnamo,2026-06-21T13:00:00+00:00,,
fotmob,5125546,168,2022,114,1491,2022,8641,Östers IF,6545,Falkenbergs FF,Osters IF,Falkenbergs FF,2026-06-21T13:00:00+00:00,,
fotmob,5125543,168,2022,114,1491,2022,2014,Norrby,1144284,Nordic United FC,Norrby IF,United Nordic,2026-06-21T15:00:00+00:00,,
fotmob,5125547,168,2022,114,1491,2022,2004,Östersunds FK,8449,IFK Norrköping,Ostersunds FK,IFK Norrkoping,2026-06-21T15:00:00+00:00,,
fotmob,5125548,168,2022,114,1491,2022,6692,Varbergs BoIS FC,8511,Landskrona BoIS,Varbergs BoIS FC,Landskrona BoIS,2026-06-22T17:00:00+00:00,,
fotmob,5125545,168,2022,114,1491,2022,8527,Örebro,6241,Sandvikens IF,Orebro SK,Sandviken,2026-06-22T17:05:00+00:00,,
fotmob,5125447,168,2023,114,1491,2023,2014,Norrby,6690,IK Brage,Norrby IF,IK brage,2026-04-05T13:00:00+00:00,,
fotmob,5125451,168,2023,114,1491,2023,8359,GIF Sundsvall,1144284,Nordic United FC,GIF Sundsvall,United Nordic,2026-04-06T11:00:00+00:00,,
fotmob,5125452,168,2023,114,1491,2023,6692,Varbergs BoIS FC,2004,Östersunds FK,Varbergs BoIS FC,Ostersunds FK,2026-04-06T13:00:00+00:00,,
fotmob,5125449,168,2023,114,1491,2023,6160,IK Oddevold,6241,Sandvikens IF,Oddevold,Sandviken,2026-04-07T17:00:00+00:00,,
fotmob,5125455,168,2023,114,1491,2023,8500,Ljungskile,8449,IFK Norrköping,Ljungskile SK,IFK Norrkoping,2026-04-11T11:00:00+00:00,,
fotmob,5125456,168,2023,114,1491,2023,1144284,Nordic United FC,9859,Helsingborg,United Nordic,Helsingborg,2026-04-11T13:00:00+00:00,,
fotmob,5125458,168,2023,114,1491,2023,2004,Östersunds FK,2014,Norrby,Ostersunds FK,Norrby IF,2026-04-11T15:00:00+00:00,,
fotmob,5125453,168,2023,114,1491,2023,6690,IK Brage,6160,IK Oddevold,IK brage,Oddevold,2026-04-12T13:00:00+00:00,,
fotmob,5125454,168,2023,114,1491,2023,8511,Landskrona BoIS,6545,Falkenbergs FF,Landskrona BoIS,Falkenbergs FF,2026-04-12T13:00:00+00:00,,
fotmob,5125459,168,2023,114,1491,2023,6241,Sandvikens IF,6692,Varbergs BoIS FC,Sandviken,Varbergs BoIS FC,2026-04-12T15:00:00+00:00,,
fotmob,5125460,168,2023,114,1491,2023,6181,IFK Värnamo,8359,GIF Sundsvall,IFK Varnamo,GIF Sundsvall,2026-04-14T17:00:00+00:00,,
fotmob,5125468,168,2023,114,1491,2023,6692,Varbergs BoIS FC,1144284,Nordic United FC,Varbergs BoIS FC,United Nordic,2026-04-18T11:00:00+00:00,,
fotmob,5125466,168,2023,114,1491,2023,6241,Sandvikens IF,6181,IFK Värnamo,Sandviken,IFK Varnamo,2026-04-18T13:00:00+00:00,,
fotmob,5125462,168,2023,114,1491,2023,8511,Landskrona BoIS,8500,Ljungskile,Landskrona BoIS,Ljungskile SK,2026-04-18T15:00:00+00:00,,
fotmob,5125464,168,2023,114,1491,2023,6160,IK Oddevold,8641,Östers IF,Oddevold,Osters IF,2026-04-20T17:00:00+00:00,,
fotmob,5125465,168,2023,114,1491,2023,8527,Örebro,8449,IFK Norrköping,Orebro SK,IFK Norrkoping,2026-04-21T17:00:00+00:00,,
fotmob,5125471,168,2023,114,1491,2023,8500,Ljungskile,9859,Helsingborg,Ljungskile SK,Helsingborg,2026-04-24T17:00:00+00:00,,
fotmob,5125470,168,2023,114,1491,2023,6545,Falkenbergs FF,8359,GIF Sundsvall,Falkenbergs FF,GIF Sundsvall,2026-04-25T13:00:00+00:00,,
fotmob,5125474,168,2023,114,1491,2023,8527,Örebro,2014,Norrby,Orebro SK,Norrby IF,2026-04-25T15:00:00+00:00,,
fotmob,5125476,168,2023,114,1491,2023,6181,IFK Värnamo,6160,IK Oddevold,IFK Varnamo,Oddevold,2026-04-26T11:00:00+00:00,,
fotmob,5125469,168,2023,114,1491,2023,6690,IK Brage,6692,Varbergs BoIS FC,IK brage,Varbergs BoIS FC,2026-04-26T13:00:00+00:00,,
fotmob,5125473,168,2023,114,1491,2023,8449,IFK Norrköping,8511,Landskrona BoIS,IFK Norrkoping,Landskrona BoIS,2026-04-28T17:00:00+00:00,,
fotmob,5125480,168,2023,114,1491,2023,8500,Ljungskile,1144284,Nordic United FC,Ljungskile SK,United Nordic,2026-05-02T11:00:00+00:00,,
fotmob,5125482,168,2023,114,1491,2023,6241,Sandvikens IF,2014,Norrby,Sandviken,Norrby IF,2026-05-02T13:00:00+00:00,,
fotmob,5125484,168,2023,114,1491,2023,6692,Varbergs BoIS FC,8527,Örebro,Varbergs BoIS FC,Orebro SK,2026-05-02T13:00:00+00:00,,
fotmob,5125483,168,2023,114,1491,2023,8359,GIF Sundsvall,6160,IK Oddevold,GIF Sundsvall,Oddevold,2026-05-02T15:00:00+00:00,,
fotmob,5125481,168,2023,114,1491,2023,2004,Östersunds FK,6181,IFK Värnamo,Ostersunds FK,IFK Varnamo,2026-05-03T11:00:00+00:00,,
fotmob,5125477,168,2023,114,1491,2023,6545,Falkenbergs FF,8449,IFK Norrköping,Falkenbergs FF,IFK Norrkoping,2026-05-05T17:00:00+00:00,,
fotmob,5125487,168,2023,114,1491,2023,6160,IK Oddevold,8511,Landskrona BoIS,Oddevold,Landskrona BoIS,2026-05-09T11:00:00+00:00,,
fotmob,5125485,168,2023,114,1491,2023,1144284,Nordic United FC,8641,Östers IF,United Nordic,Osters IF,2026-05-09T11:00:00+00:00,,
fotmob,5125489,168,2023,114,1491,2023,2004,Östersunds FK,6545,Falkenbergs FF,Ostersunds FK,Falkenbergs FF,2026-05-09T11:00:00+00:00,,
fotmob,5125486,168,2023,114,1491,2023,2014,Norrby,9859,Helsingborg,Norrby IF,Helsingborg,2026-05-09T13:00:00+00:00,,
fotmob,5125491,168,2023,114,1491,2023,8359,GIF Sundsvall,8449,IFK Norrköping,GIF Sundsvall,IFK Norrkoping,2026-05-09T15:00:00+00:00,,
fotmob,5125490,168,2023,114,1491,2023,6241,Sandvikens IF,8500,Ljungskile,Sandviken,Ljungskile SK,2026-05-09T15:00:00+00:00,,
fotmob,5125500,168,2023,114,1491,2023,6181,IFK Värnamo,8527,Örebro,IFK Varnamo,Orebro SK,2026-05-12T17:00:00+00:00,,
fotmob,5125496,168,2023,114,1491,2023,8511,Landskrona BoIS,2014,Norrby,Landskrona BoIS,Norrby IF,2026-05-12T17:00:00+00:00,,
fotmob,5125494,168,2023,114,1491,2023,6545,Falkenbergs FF,6692,Varbergs BoIS FC,Falkenbergs FF,Varbergs BoIS FC,2026-05-13T17:00:00+00:00,,
fotmob,5125495,168,2023,114,1491,2023,9859,Helsingborg,6160,IK Oddevold,Helsingborg,Oddevold,2026-05-13T17:00:00+00:00,,
fotmob,5125498,168,2023,114,1491,2023,8449,IFK Norrköping,1144284,Nordic United FC,IFK Norrkoping,United Nordic,2026-05-13T17:00:00+00:00,,
fotmob,5125499,168,2023,114,1491,2023,8641,Östers IF,6241,Sandvikens IF,Osters IF,Sandviken,2026-05-13T17:00:00+00:00,,
fotmob,5125497,168,2023,114,1491,2023,8500,Ljungskile,8359,GIF Sundsvall,Ljungskile SK,GIF Sundsvall,2026-05-14T15:00:00+00:00,,
fotmob,5125501,168,2023,114,1491,2023,6690,IK Brage,8449,IFK Norrköping,IK brage,IFK Norrkoping,2026-05-16T15:00:00+00:00,,
fotmob,5125506,168,2023,114,1491,2023,2004,Östersunds FK,6241,Sandvikens IF,Ostersunds FK,Sandviken,2026-05-17T11:00:00+00:00,,
fotmob,5125503,168,2023,114,1491,2023,1144284,Nordic United FC,6545,Falkenbergs FF,United Nordic,Falkenbergs FF,2026-05-17T13:00:00+00:00,,
fotmob,5125505,168,2023,114,1491,2023,8641,Östers IF,8500,Ljungskile,Osters IF,Ljungskile SK,2026-05-17T13:00:00+00:00,,
fotmob,5125508,168,2023,114,1491,2023,6181,IFK Värnamo,2014,Norrby,IFK Varnamo,Norrby IF,2026-05-17T15:00:00+00:00,,
fotmob,5125504,168,2023,114,1491,2023,6160,IK Oddevold,8527,Örebro,Oddevold,Orebro SK,2026-05-18T17:05:00+00:00,,
fotmob,5125502,168,2023,114,1491,2023,9859,Helsingborg,6692,Varbergs BoIS FC,Helsingborg,Varbergs BoIS FC,2026-05-19T17:00:00+00:00,,
fotmob,5125513,168,2023,114,1491,2023,6160,IK Oddevold,2004,Östersunds FK,Oddevold,Ostersunds FK,2026-05-23T13:00:00+00:00,,
fotmob,5125510,168,2023,114,1491,2023,1144284,Nordic United FC,6690,IK Brage,United Nordic,IK brage,2026-05-23T13:00:00+00:00,,
fotmob,5125509,168,2023,114,1491,2023,6545,Falkenbergs FF,6181,IFK Värnamo,Falkenbergs FF,IFK Varnamo,2026-05-23T15:00:00+00:00,,
fotmob,5125516,168,2023,114,1491,2023,6692,Varbergs BoIS FC,8359,GIF Sundsvall,Varbergs BoIS FC,GIF Sundsvall,2026-05-24T13:00:00+00:00,,
fotmob,5125515,168,2023,114,1491,2023,6241,Sandvikens IF,8511,Landskrona BoIS,Sandviken,Landskrona BoIS,2026-05-24T15:00:00+00:00,,
fotmob,5125512,168,2023,114,1491,2023,8449,IFK Norrköping,8641,Östers IF,IFK Norrkoping,Osters IF,2026-05-25T17:05:00+00:00,,
fotmob,5125520,168,2023,114,1491,2023,8500,Ljungskile,6692,Varbergs BoIS FC,Ljungskile SK,Varbergs BoIS FC,2026-05-30T11:00:00+00:00,,
fotmob,5125523,168,2023,114,1491,2023,8359,GIF Sundsvall,6241,Sandvikens IF,GIF Sundsvall,Sandviken,2026-05-30T13:00:00+00:00,,
fotmob,5125521,168,2023,114,1491,2023,8641,Östers IF,2014,Norrby,Osters IF,Norrby IF,2026-05-30T15:00:00+00:00,,
fotmob,5125524,168,2023,114,1491,2023,6181,IFK Värnamo,1144284,Nordic United FC,IFK Varnamo,United Nordic,2026-05-31T13:00:00+00:00,,
fotmob,5125518,168,2023,114,1491,2023,9859,Helsingborg,8449,IFK Norrköping,Helsingborg,IFK Norrkoping,2026-05-31T15:00:00+00:00,,
fotmob,5125525,168,2023,114,1491,2023,6690,IK Brage,8500,Ljungskile,IK brage,Ljungskile SK,2026-06-09T17:00:00+00:00,,
fotmob,5125528,168,2023,114,1491,2023,6160,IK Oddevold,8449,IFK Norrköping,Oddevold,IFK Norrkoping,2026-06-09T17:00:00+00:00,,
fotmob,5125527,168,2023,114,1491,2023,1144284,Nordic United FC,2004,Östersunds FK,United Nordic,Ostersunds FK,2026-06-09T17:00:00+00:00,,
fotmob,5125530,168,2023,114,1491,2023,8641,Östers IF,6181,IFK Värnamo,Osters IF,IFK Varnamo,2026-06-09T17:00:00+00:00,,
fotmob,5125531,168,2023,114,1491,2023,6241,Sandvikens IF,6545,Falkenbergs FF,Sandviken,Falkenbergs FF,2026-06-09T17:00:00+00:00,,
fotmob,5125532,168,2023,114,1491,2023,6692,Varbergs BoIS FC,2014,Norrby,Varbergs BoIS FC,Norrby IF,2026-06-10T17:00:00+00:00,,
fotmob,5125533,168,2023,114,1491,2023,6545,Falkenbergs FF,8527,Örebro,Falkenbergs FF,Orebro SK,2026-06-14T13:00:00+00:00,,
fotmob,5125535,168,2023,114,1491,2023,8500,Ljungskile,2004,Östersunds FK,Ljungskile SK,Ostersunds FK,2026-06-14T13:00:00+00:00,,
fotmob,5125538,168,2023,114,1491,2023,6241,Sandvikens IF,6690,IK Brage,Sandviken,IK brage,2026-06-14T15:00:00+00:00,,
fotmob,5125540,168,2023,114,1491,2023,6181,IFK Värnamo,9859,Helsingborg,IFK Varnamo,Helsingborg,2026-06-16T17:00:00+00:00,,
fotmob,5125534,168,2023,114,1491,2023,8511,Landskrona BoIS,1144284,Nordic United FC,Landskrona BoIS,United Nordic,2026-06-16T17:00:00+00:00,,
fotmob,5125541,168,2023,114,1491,2023,6690,IK Brage,6181,IFK Värnamo,IK brage,IFK Varnamo,2026-06-21T13:00:00+00:00,,
fotmob,5125546,168,2023,114,1491,2023,8641,Östers IF,6545,Falkenbergs FF,Osters IF,Falkenbergs FF,2026-06-21T13:00:00+00:00,,
fotmob,5125543,168,2023,114,1491,2023,2014,Norrby,1144284,Nordic United FC,Norrby IF,United Nordic,2026-06-21T15:00:00+00:00,,
fotmob,5125547,168,2023,114,1491,2023,2004,Östersunds FK,8449,IFK Norrköping,Ostersunds FK,IFK Norrkoping,2026-06-21T15:00:00+00:00,,
fotmob,5125548,168,2023,114,1491,2023,6692,Varbergs BoIS FC,8511,Landskrona BoIS,Varbergs BoIS FC,Landskrona BoIS,2026-06-22T17:00:00+00:00,,
fotmob,5125545,168,2023,114,1491,2023,8527,Örebro,6241,Sandvikens IF,Orebro SK,Sandviken,2026-06-22T17:05:00+00:00,,
fotmob,5127766,169,2022,563,1515,2022,8189,Ängelholms FF,8333,Trelleborgs FF,Angelholms FF,Trelleborg,2026-04-03T11:00:00+00:00,,
fotmob,5127416,169,2022,563,1515,2022,841094,FC Arlanda,1967,Vasalunds IF,Arlanda,Vasalund,2026-04-03T11:00:00+00:00,,
fotmob,5127415,169,2022,563,1515,2022,627694,FBK Karlstad,7997,Gefle,FBK Karlstad,Gefle IF,2026-04-03T14:00:00+00:00,,
fotmob,5127763,169,2022,563,1515,2022,6183,Trollhättan FC,418688,Hässleholms IF,Trollhättan,Hässleholms IF,2026-04-03T14:00:00+00:00,,
fotmob,5127765,169,2022,563,1515,2022,73158,Utsiktens BK,241064,BK Olympic,Utsikten,Olympic,2026-04-03T14:00:00+00:00,,
fotmob,5127414,169,2022,563,1515,2022,8425,Enköping,916701,IFK Stocksund,Enköping,Stocksund,2026-04-04T11:00:00+00:00,,
fotmob,5127761,169,2022,563,1515,2022,303470,Eskilsminne IF,6173,Laholms FK,Eskilsminne,Laholm,2026-04-04T11:00:00+00:00,,
fotmob,5127762,169,2022,563,1515,2022,6170,FC Rosengård,6174,Lunds BK,Rosengård,Lund,2026-04-04T11:00:00+00:00,,
fotmob,5127413,169,2022,563,1515,2022,6238,AFC Eskilstuna,1225382,FC Järfälla,AFC Eskilstuna,Järfälla,2026-04-04T14:00:00+00:00,,
fotmob,5127419,169,2022,563,1515,2022,111120,Sollentuna FK,303472,Karlbergs BK,Sollentuna,Karlberg,2026-04-04T14:00:00+00:00,,
fotmob,5127767,169,2022,563,1515,2022,6622,Åtvidaberg,8510,Jönköping S.,Atvidabergs FF,Jonkopings Sodra,2026-04-05T14:00:00+00:00,,
fotmob,5127412,169,2022,563,1515,2022,10225,Assyriska FF,1011931,FC Stockholm,Assyriska FF,Stockholm Internazionale,2026-04-05T14:00:00+00:00,,
fotmob,5127764,169,2022,563,1515,2022,6153,Skövde AIK,241285,Tvååkers IF,Skövde AIK,Tvååker,2026-04-06T11:00:00+00:00,,
fotmob,5127423,169,2022,563,1515,2022,303472,Karlbergs BK,8425,Enköping,Karlberg,Enköping,2026-04-10T17:30:00+00:00,,
fotmob,5127772,169,2022,563,1515,2022,6173,Laholms FK,8189,Ängelholms FF,Laholm,Angelholms FF,2026-04-11T11:00:00+00:00,,
fotmob,5127774,169,2022,563,1515,2022,8333,Trelleborgs FF,1331261,AFC Malmoe,Trelleborg,Ariana,2026-04-11T11:00:00+00:00,,
fotmob,5127775,169,2022,563,1515,2022,241285,Tvååkers IF,303470,Eskilsminne IF,Tvååker,Eskilsminne,2026-04-11T11:00:00+00:00,,
fotmob,5127420,169,2022,563,1515,2022,1225382,FC Järfälla,111120,Sollentuna FK,Järfälla,Sollentuna,2026-04-11T14:00:00+00:00,,
fotmob,5127421,169,2022,563,1515,2022,7997,Gefle,6238,AFC Eskilstuna,Gefle IF,AFC Eskilstuna,2026-04-11T14:00:00+00:00,,
fotmob,5127422,169,2022,563,1515,2022,916701,IFK Stocksund,4438,Hammarby TFF,Stocksund,Hammarby Talang,2026-04-11T14:00:00+00:00,,
fotmob,5127771,169,2022,563,1515,2022,1965,Kristianstad FC,6153,Skövde AIK,Kristianstad,Skövde AIK,2026-04-11T14:00:00+00:00,,
fotmob,5127426,169,2022,563,1515,2022,8601,Umeå,841094,FC Arlanda,Umeå FC,Arlanda,2026-04-12T11:00:00+00:00,,
fotmob,5127424,169,2022,563,1515,2022,2006,Piteå,10225,Assyriska FF,Piteå,Assyriska FF,2026-04-12T12:00:00+00:00,,
fotmob,5127427,169,2022,563,1515,2022,1967,Vasalunds IF,627694,FBK Karlstad,Vasalund,FBK Karlstad,2026-04-12T14:00:00+00:00,,
fotmob,5127778,169,2022,563,1515,2022,418688,Hässleholms IF,241064,BK Olympic,Hässleholms IF,Olympic,2026-04-17T17:00:00+00:00,,
fotmob,5127429,169,2022,563,1515,2022,8425,Enköping,627694,FBK Karlstad,Enköping,FBK Karlstad,2026-04-18T11:00:00+00:00,,
fotmob,5127780,169,2022,563,1515,2022,8333,Trelleborgs FF,241285,Tvååkers IF,Trelleborg,Tvååker,2026-04-18T11:00:00+00:00,,
fotmob,5127777,169,2022,563,1515,2022,303470,Eskilsminne IF,8510,Jönköping S.,Eskilsminne,Jonkopings Sodra,2026-04-18T14:00:00+00:00,,
fotmob,5127430,169,2022,563,1515,2022,841094,FC Arlanda,1011931,FC Stockholm,Arlanda,Stockholm Internazionale,2026-04-18T14:00:00+00:00,,
fotmob,5127432,169,2022,563,1515,2022,191433,IF Karlstad,1225382,FC Järfälla,IF Karlstad,Järfälla,2026-04-18T14:00:00+00:00,,
fotmob,5127779,169,2022,563,1515,2022,6153,Skövde AIK,6173,Laholms FK,Skövde AIK,Laholm,2026-04-18T14:00:00+00:00,,
fotmob,5127781,169,2022,563,1515,2022,73158,Utsiktens BK,6183,Trollhättan FC,Utsikten,Trollhättan,2026-04-18T15:00:00+00:00,,
fotmob,5127783,169,2022,563,1515,2022,6622,Åtvidaberg,1965,Kristianstad FC,Atvidabergs FF,Kristianstad,2026-04-19T14:00:00+00:00,,
fotmob,5127433,169,2022,563,1515,2022,916701,IFK Stocksund,6238,AFC Eskilstuna,Stocksund,AFC Eskilstuna,2026-04-20T17:30:00+00:00,,
fotmob,5127786,169,2022,563,1515,2022,6183,Trollhättan FC,6153,Skövde AIK,Trollhättan,Skövde AIK,2026-04-24T17:00:00+00:00,,
fotmob,5127437,169,2022,563,1515,2022,8425,Enköping,841094,FC Arlanda,Enköping,Arlanda,2026-04-24T17:30:00+00:00,,
fotmob,5127790,169,2022,563,1515,2022,8189,Ängelholms FF,418688,Hässleholms IF,Angelholms FF,Hässleholms IF,2026-04-25T11:00:00+00:00,,
fotmob,5127785,169,2022,563,1515,2022,6170,FC Rosengård,303470,Eskilsminne IF,Rosengård,Eskilsminne,2026-04-25T11:00:00+00:00,,
fotmob,5127791,169,2022,563,1515,2022,6622,Åtvidaberg,1331261,AFC Malmoe,Atvidabergs FF,Ariana,2026-04-25T14:00:00+00:00,,
fotmob,5127438,169,2022,563,1515,2022,627694,FBK Karlstad,916701,IFK Stocksund,FBK Karlstad,Stocksund,2026-04-25T14:00:00+00:00,,
fotmob,5127788,169,2022,563,1515,2022,6173,Laholms FK,8333,Trelleborgs FF,Laholm,Trelleborg,2026-04-25T14:00:00+00:00,,
fotmob,5127442,169,2022,563,1515,2022,111120,Sollentuna FK,10225,Assyriska FF,Sollentuna,Assyriska FF,2026-04-25T14:00:00+00:00,,
fotmob,5127436,169,2022,563,1515,2022,6238,AFC Eskilstuna,191433,IF Karlstad,AFC Eskilstuna,IF Karlstad,2026-04-26T14:00:00+00:00,,
fotmob,5127784,169,2022,563,1515,2022,241064,BK Olympic,8510,Jönköping S.,Olympic,Jonkopings Sodra,2026-04-26T14:00:00+00:00,,
fotmob,5127439,169,2022,563,1515,2022,1225382,FC Järfälla,2006,Piteå,Järfälla,Piteå,2026-04-26T14:00:00+00:00,,
fotmob,5127441,169,2022,563,1515,2022,303472,Karlbergs BK,7997,Gefle,Karlberg,Gefle IF,2026-04-26T14:00:00+00:00,,
fotmob,5127787,169,2022,563,1515,2022,1965,Kristianstad FC,73158,Utsiktens BK,Kristianstad,Utsikten,2026-04-26T14:00:00+00:00,,
fotmob,5127792,169,2022,563,1515,2022,303470,Eskilsminne IF,8189,Ängelholms FF,Eskilsminne,Angelholms FF,2026-05-01T11:00:00+00:00,,
fotmob,5127794,169,2022,563,1515,2022,418688,Hässleholms IF,6174,Lunds BK,Hässleholms IF,Lund,2026-05-01T11:00:00+00:00,,
fotmob,5127448,169,2022,563,1515,2022,916701,IFK Stocksund,1967,Vasalunds IF,Stocksund,Vasalund,2026-05-01T17:00:00+00:00,,
fotmob,5127795,169,2022,563,1515,2022,8510,Jönköping S.,1965,Kristianstad FC,Jonkopings Sodra,Kristianstad,2026-05-02T11:00:00+00:00,,
fotmob,5127797,169,2022,563,1515,2022,8333,Trelleborgs FF,241064,BK Olympic,Trelleborg,Olympic,2026-05-02T11:00:00+00:00,,
fotmob,5127798,169,2022,563,1515,2022,241285,Tvååkers IF,6173,Laholms FK,Tvååker,Laholm,2026-05-02T11:00:00+00:00,,
fotmob,5127445,169,2022,563,1515,2022,6238,AFC Eskilstuna,627694,FBK Karlstad,AFC Eskilstuna,FBK Karlstad,2026-05-02T14:00:00+00:00,,
fotmob,5127793,169,2022,563,1515,2022,6183,Trollhättan FC,6170,FC Rosengård,Trollhättan,Rosengård,2026-05-02T14:00:00+00:00,,
fotmob,5127446,169,2022,563,1515,2022,7997,Gefle,8425,Enköping,Gefle IF,Enköping,2026-05-02T14:00:00+00:00,,
fotmob,5127796,169,2022,563,1515,2022,6153,Skövde AIK,6622,Åtvidaberg,Skövde AIK,Atvidabergs FF,2026-05-02T14:00:00+00:00,,
fotmob,5127799,169,2022,563,1515,2022,73158,Utsiktens BK,1331261,AFC Malmoe,Utsikten,Ariana,2026-05-02T15:00:00+00:00,,
fotmob,5127449,169,2022,563,1515,2022,2006,Piteå,841094,FC Arlanda,Piteå,Arlanda,2026-05-03T13:00:00+00:00,,
fotmob,5127451,169,2022,563,1515,2022,8601,Umeå,303472,Karlbergs BK,Umeå FC,Karlberg,2026-05-03T13:00:00+00:00,,
fotmob,5127444,169,2022,563,1515,2022,10225,Assyriska FF,1225382,FC Järfälla,Assyriska FF,Järfälla,2026-05-03T14:00:00+00:00,,
fotmob,5127452,169,2022,563,1515,2022,8425,Enköping,6238,AFC Eskilstuna,Enköping,AFC Eskilstuna,2026-05-08T17:00:00+00:00,,
fotmob,5127801,169,2022,563,1515,2022,241064,BK Olympic,1965,Kristianstad FC,Olympic,Kristianstad,2026-05-09T11:00:00+00:00,,
fotmob,5127454,169,2022,563,1515,2022,841094,FC Arlanda,111120,Sollentuna FK,Arlanda,Sollentuna,2026-05-09T11:00:00+00:00,,
fotmob,5127802,169,2022,563,1515,2022,303470,Eskilsminne IF,73158,Utsiktens BK,Eskilsminne,Utsikten,2026-05-09T14:00:00+00:00,,
fotmob,5127453,169,2022,563,1515,2022,627694,FBK Karlstad,1225382,FC Järfälla,FBK Karlstad,Järfälla,2026-05-09T14:00:00+00:00,,
fotmob,5127803,169,2022,563,1515,2022,6170,FC Rosengård,241285,Tvååkers IF,Rosengård,Tvååker,2026-05-09T14:00:00+00:00,,
fotmob,5127455,169,2022,563,1515,2022,4438,Hammarby TFF,10225,Assyriska FF,Hammarby Talang,Assyriska FF,2026-05-09T14:00:00+00:00,,
fotmob,5127456,169,2022,563,1515,2022,916701,IFK Stocksund,1011931,FC Stockholm,Stocksund,Stockholm Internazionale,2026-05-09T14:00:00+00:00,,
fotmob,5127457,169,2022,563,1515,2022,303472,Karlbergs BK,191433,IF Karlstad,Karlberg,IF Karlstad,2026-05-09T14:00:00+00:00,,
fotmob,5127806,169,2022,563,1515,2022,6153,Skövde AIK,8189,Ängelholms FF,Skövde AIK,Angelholms FF,2026-05-09T14:00:00+00:00,,
fotmob,5127807,169,2022,563,1515,2022,6622,Åtvidaberg,8333,Trelleborgs FF,Atvidabergs FF,Trelleborg,2026-05-10T11:00:00+00:00,,
fotmob,5127804,169,2022,563,1515,2022,8510,Jönköping S.,6173,Laholms FK,Jonkopings Sodra,Laholm,2026-05-10T14:00:00+00:00,,
fotmob,5127466,169,2022,563,1515,2022,1011931,FC Stockholm,6238,AFC Eskilstuna,Stockholm Internazionale,AFC Eskilstuna,2026-05-13T17:00:00+00:00,,
fotmob,5127809,169,2022,563,1515,2022,418688,Hässleholms IF,303470,Eskilsminne IF,Hässleholms IF,Eskilsminne,2026-05-13T17:00:00+00:00,,
fotmob,5127811,169,2022,563,1515,2022,6173,Laholms FK,6174,Lunds BK,Laholm,Lund,2026-05-13T17:00:00+00:00,,
fotmob,5127461,169,2022,563,1515,2022,841094,FC Arlanda,303472,Karlbergs BK,Arlanda,Karlberg,2026-05-13T17:30:00+00:00,,
fotmob,5127462,169,2022,563,1515,2022,1225382,FC Järfälla,8425,Enköping,Järfälla,Enköping,2026-05-13T17:30:00+00:00,,
fotmob,5127464,169,2022,563,1515,2022,2006,Piteå,627694,FBK Karlstad,Piteå,FBK Karlstad,2026-05-14T11:00:00+00:00,,
fotmob,5127460,169,2022,563,1515,2022,10225,Assyriska FF,8601,Umeå,Assyriska FF,Umeå FC,2026-05-14T13:00:00+00:00,,
fotmob,5127808,169,2022,563,1515,2022,6183,Trollhättan FC,1331261,AFC Malmoe,Trollhättan,Ariana,2026-05-14T14:00:00+00:00,,
fotmob,5127463,169,2022,563,1515,2022,191433,IF Karlstad,916701,IFK Stocksund,IF Karlstad,Stocksund,2026-05-14T14:00:00+00:00,,
fotmob,5127475,169,2022,563,1515,2022,303472,Karlbergs BK,1225382,FC Järfälla,Karlberg,Järfälla,2026-05-16T11:00:00+00:00,,
fotmob,5127470,169,2022,563,1515,2022,627694,FBK Karlstad,8601,Umeå,FBK Karlstad,Umeå FC,2026-05-17T11:00:00+00:00,,
fotmob,5127819,169,2022,563,1515,2022,8510,Jönköping S.,418688,Hässleholms IF,Jonkopings Sodra,Hässleholms IF,2026-05-17T11:00:00+00:00,,
fotmob,5127821,169,2022,563,1515,2022,6174,Lunds BK,73158,Utsiktens BK,Lund,Utsikten,2026-05-17T11:00:00+00:00,,
fotmob,5127469,169,2022,563,1515,2022,8425,Enköping,111120,Sollentuna FK,Enköping,Sollentuna,2026-05-17T14:00:00+00:00,,
fotmob,5127818,169,2022,563,1515,2022,303470,Eskilsminne IF,6153,Skövde AIK,Eskilsminne,Skövde AIK,2026-05-17T14:00:00+00:00,,
fotmob,5127471,169,2022,563,1515,2022,7997,Gefle,10225,Assyriska FF,Gefle IF,Assyriska FF,2026-05-17T14:00:00+00:00,,
fotmob,5127474,169,2022,563,1515,2022,916701,IFK Stocksund,2006,Piteå,Stocksund,Piteå,2026-05-17T14:00:00+00:00,,
fotmob,5127822,169,2022,563,1515,2022,8333,Trelleborgs FF,6183,Trollhättan FC,Trelleborg,Trollhättan,2026-05-17T14:00:00+00:00,,
fotmob,5127823,169,2022,563,1515,2022,8189,Ängelholms FF,1965,Kristianstad FC,Angelholms FF,Kristianstad,2026-05-18T17:00:00+00:00,,
fotmob,5127816,169,2022,563,1515,2022,1331261,AFC Malmoe,241285,Tvååkers IF,Ariana,Tvååker,2026-05-18T17:00:00+00:00,,
fotmob,5127820,169,2022,563,1515,2022,6173,Laholms FK,6170,FC Rosengård,Laholm,Rosengård,2026-05-18T17:00:00+00:00,,
fotmob,5127468,169,2022,563,1515,2022,6238,AFC Eskilstuna,841094,FC Arlanda,AFC Eskilstuna,Arlanda,2026-05-18T17:30:00+00:00,,
fotmob,5127827,169,2022,563,1515,2022,6174,Lunds BK,303470,Eskilsminne IF,Lund,Eskilsminne,2026-05-22T17:00:00+00:00,,
fotmob,5127477,169,2022,563,1515,2022,8425,Enköping,4438,Hammarby TFF,Enköping,Hammarby Talang,2026-05-23T11:00:00+00:00,,
fotmob,5127824,169,2022,563,1515,2022,6170,FC Rosengård,241064,BK Olympic,Rosengård,Olympic,2026-05-23T11:00:00+00:00,,
fotmob,5127478,169,2022,563,1515,2022,627694,FBK Karlstad,841094,FC Arlanda,FBK Karlstad,Arlanda,2026-05-23T14:00:00+00:00,,
fotmob,5127479,169,2022,563,1515,2022,1225382,FC Järfälla,7997,Gefle,Järfälla,Gefle IF,2026-05-23T14:00:00+00:00,,
fotmob,5127482,169,2022,563,1515,2022,1011931,FC Stockholm,303472,Karlbergs BK,Stockholm Internazionale,Karlberg,2026-05-23T14:00:00+00:00,,
fotmob,5127480,169,2022,563,1515,2022,916701,IFK Stocksund,10225,Assyriska FF,Stocksund,Assyriska FF,2026-05-23T14:00:00+00:00,,
fotmob,5127828,169,2022,563,1515,2022,6153,Skövde AIK,1331261,AFC Malmoe,Skövde AIK,Ariana,2026-05-23T14:00:00+00:00,,
fotmob,5127831,169,2022,563,1515,2022,6622,Åtvidaberg,6173,Laholms FK,Atvidabergs FF,Laholm,2026-05-24T14:00:00+00:00,,
fotmob,5127476,169,2022,563,1515,2022,6238,AFC Eskilstuna,1967,Vasalunds IF,AFC Eskilstuna,Vasalund,2026-05-24T14:00:00+00:00,,
fotmob,5127825,169,2022,563,1515,2022,8510,Jönköping S.,8189,Ängelholms FF,Jonkopings Sodra,Angelholms FF,2026-05-24T14:00:00+00:00,,
fotmob,5127834,169,2022,563,1515,2022,303470,Eskilsminne IF,8333,Trelleborgs FF,Eskilsminne,Trelleborg,2026-05-30T11:00:00+00:00,,
fotmob,5127832,169,2022,563,1515,2022,1331261,AFC Malmoe,6173,Laholms FK,Ariana,Laholm,2026-05-30T14:00:00+00:00,,
fotmob,5127486,169,2022,563,1515,2022,4438,Hammarby TFF,6238,AFC Eskilstuna,Hammarby Talang,AFC Eskilstuna,2026-05-30T14:00:00+00:00,,
fotmob,5127839,169,2022,563,1515,2022,241285,Tvååkers IF,1965,Kristianstad FC,Tvååker,Kristianstad,2026-05-30T14:00:00+00:00,,
fotmob,5127837,169,2022,563,1515,2022,418688,Hässleholms IF,73158,Utsiktens BK,Hässleholms IF,Utsikten,2026-05-30T14:30:00+00:00,,
fotmob,5127490,169,2022,563,1515,2022,8601,Umeå,916701,IFK Stocksund,Umeå FC,Stocksund,2026-05-31T12:30:00+00:00,,
fotmob,5127488,169,2022,563,1515,2022,303472,Karlbergs BK,627694,FBK Karlstad,Karlberg,FBK Karlstad,2026-05-31T14:00:00+00:00,,
fotmob,5127485,169,2022,563,1515,2022,841094,FC Arlanda,7997,Gefle,Arlanda,Gefle IF,2026-06-01T17:15:00+00:00,,
fotmob,5127835,169,2022,563,1515,2022,6170,FC Rosengård,8189,Ängelholms FF,Rosengård,Angelholms FF,2026-06-02T17:00:00+00:00,,
fotmob,5127484,169,2022,563,1515,2022,10225,Assyriska FF,8425,Enköping,Assyriska FF,Enköping,2026-06-02T17:30:00+00:00,,
fotmob,5127491,169,2022,563,1515,2022,1967,Vasalunds IF,1225382,FC Järfälla,Vasalund,Järfälla,2026-06-03T17:30:00+00:00,,
fotmob,5127843,169,2022,563,1515,2022,6173,Laholms FK,418688,Hässleholms IF,Laholm,Hässleholms IF,2026-06-04T17:00:00+00:00,,
fotmob,5127492,169,2022,563,1515,2022,6238,AFC Eskilstuna,303472,Karlbergs BK,AFC Eskilstuna,Karlberg,2026-06-04T17:30:00+00:00,,
fotmob,5127493,169,2022,563,1515,2022,627694,FBK Karlstad,191433,IF Karlstad,FBK Karlstad,IF Karlstad,2026-06-05T17:00:00+00:00,,
fotmob,5127841,169,2022,563,1515,2022,8510,Jönköping S.,6183,Trollhättan FC,Jonkopings Sodra,Trollhättan,2026-06-06T14:00:00+00:00,,
fotmob,5127840,169,2022,563,1515,2022,1331261,AFC Malmoe,303470,Eskilsminne IF,Ariana,Eskilsminne,2026-06-07T11:00:00+00:00,,
fotmob,5127842,169,2022,563,1515,2022,1965,Kristianstad FC,6174,Lunds BK,Kristianstad,Lund,2026-06-07T11:00:00+00:00,,
fotmob,5127497,169,2022,563,1515,2022,2006,Piteå,8425,Enköping,Piteå,Enköping,2026-06-07T12:00:00+00:00,,
fotmob,5127494,169,2022,563,1515,2022,841094,FC Arlanda,10225,Assyriska FF,Arlanda,Assyriska FF,2026-06-07T14:00:00+00:00,,
fotmob,5127845,169,2022,563,1515,2022,73158,Utsiktens BK,6170,FC Rosengård,Utsikten,Rosengård,2026-06-08T17:30:00+00:00,,
fotmob,5127852,169,2022,563,1515,2022,6174,Lunds BK,1331261,AFC Malmoe,Lund,Ariana,2026-06-12T17:00:00+00:00,,
fotmob,5127854,169,2022,563,1515,2022,8189,Ängelholms FF,73158,Utsiktens BK,Angelholms FF,Utsikten,2026-06-13T11:00:00+00:00,,
fotmob,5127848,169,2022,563,1515,2022,241064,BK Olympic,6173,Laholms FK,Olympic,Laholm,2026-06-13T11:00:00+00:00,,
fotmob,5127853,169,2022,563,1515,2022,241285,Tvååkers IF,8510,Jönköping S.,Tvååker,Jonkopings Sodra,2026-06-13T11:00:00+00:00,,
fotmob,5127855,169,2022,563,1515,2022,6622,Åtvidaberg,303470,Eskilsminne IF,Atvidabergs FF,Eskilsminne,2026-06-13T14:00:00+00:00,,
fotmob,5127502,169,2022,563,1515,2022,1225382,FC Järfälla,841094,FC Arlanda,Järfälla,Arlanda,2026-06-13T14:00:00+00:00,,
fotmob,5127850,169,2022,563,1515,2022,6183,Trollhättan FC,1965,Kristianstad FC,Trollhättan,Kristianstad,2026-06-13T14:00:00+00:00,,
fotmob,5127504,169,2022,563,1515,2022,916701,IFK Stocksund,111120,Sollentuna FK,Stocksund,Sollentuna,2026-06-13T14:00:00+00:00,,
fotmob,5127851,169,2022,563,1515,2022,418688,Hässleholms IF,8333,Trelleborgs FF,Hässleholms IF,Trelleborg,2026-06-14T11:00:00+00:00,,
fotmob,5127505,169,2022,563,1515,2022,303472,Karlbergs BK,4438,Hammarby TFF,Karlberg,Hammarby Talang,2026-06-14T11:00:00+00:00,,
fotmob,5127500,169,2022,563,1515,2022,6238,AFC Eskilstuna,10225,Assyriska FF,AFC Eskilstuna,Assyriska FF,2026-06-14T14:00:00+00:00,,
fotmob,5127501,169,2022,563,1515,2022,8425,Enköping,1967,Vasalunds IF,Enköping,Vasalund,2026-06-14T14:00:00+00:00,,
fotmob,5127849,169,2022,563,1515,2022,6170,FC Rosengård,6153,Skövde AIK,Rosengård,Skövde AIK,2026-06-14T14:00:00+00:00,,
fotmob,5127506,169,2022,563,1515,2022,1011931,FC Stockholm,627694,FBK Karlstad,Stockholm Internazionale,FBK Karlstad,2026-06-14T14:00:00+00:00,,
fotmob,5127863,169,2022,563,1515,2022,73158,Utsiktens BK,6622,Åtvidaberg,Utsikten,Atvidabergs FF,2026-06-17T17:30:00+00:00,,
fotmob,5127857,169,2022,563,1515,2022,303470,Eskilsminne IF,6183,Trollhättan FC,Eskilsminne,Trollhättan,2026-06-18T17:00:00+00:00,,
fotmob,5127512,169,2022,563,1515,2022,4438,Hammarby TFF,1225382,FC Järfälla,Hammarby Talang,Järfälla,2026-06-18T17:00:00+00:00,,
fotmob,5127858,169,2022,563,1515,2022,8510,Jönköping S.,6174,Lunds BK,Jonkopings Sodra,Lund,2026-06-18T17:00:00+00:00,,
fotmob,5127860,169,2022,563,1515,2022,6153,Skövde AIK,418688,Hässleholms IF,Skövde AIK,Hässleholms IF,2026-06-18T17:00:00+00:00,,
fotmob,5127861,169,2022,563,1515,2022,8333,Trelleborgs FF,6170,FC Rosengård,Trelleborg,Rosengård,2026-06-18T17:00:00+00:00,,
fotmob,5127515,169,2022,563,1515,2022,1967,Vasalunds IF,303472,Karlbergs BK,Vasalund,Karlberg,2026-06-18T17:00:00+00:00,,
fotmob,5127510,169,2022,563,1515,2022,841094,FC Arlanda,916701,IFK Stocksund,Arlanda,Stocksund,2026-06-18T17:15:00+00:00,,
fotmob,5127514,169,2022,563,1515,2022,111120,Sollentuna FK,627694,FBK Karlstad,Sollentuna,FBK Karlstad,2026-06-18T17:30:00+00:00,,
fotmob,5127513,169,2022,563,1515,2022,2006,Piteå,6238,AFC Eskilstuna,Piteå,AFC Eskilstuna,2026-06-21T11:00:00+00:00,,
fotmob,5127509,169,2022,563,1515,2022,8425,Enköping,8601,Umeå,Enköping,Umeå FC,2026-06-21T13:00:00+00:00,,
fotmob,5127856,169,2022,563,1515,2022,1331261,AFC Malmoe,241064,BK Olympic,Ariana,Olympic,2026-06-21T14:00:00+00:00,,
fotmob,5127859,169,2022,563,1515,2022,1965,Kristianstad FC,6173,Laholms FK,Kristianstad,Laholm,2026-06-21T14:00:00+00:00,,
fotmob,5127508,169,2022,563,1515,2022,10225,Assyriska FF,191433,IF Karlstad,Assyriska FF,IF Karlstad,2026-06-21T15:00:00+00:00,,
fotmob,5127520,169,2022,563,1515,2022,303472,Karlbergs BK,2006,Piteå,Karlberg,Piteå,2026-06-24T17:00:00+00:00,,
fotmob,5127766,169,2023,563,1515,2023,8189,Ängelholms FF,8333,Trelleborgs FF,Angelholms FF,Trelleborg,2026-04-03T11:00:00+00:00,,
fotmob,5127760,169,2023,563,1515,2023,1331261,AFC Malmoe,1965,Kristianstad FC,Ariana,Kristianstad,2026-04-03T11:00:00+00:00,,
fotmob,5127416,169,2023,563,1515,2023,841094,FC Arlanda,1967,Vasalunds IF,Arlanda,Vasalund,2026-04-03T11:00:00+00:00,,
fotmob,5127415,169,2023,563,1515,2023,627694,FBK Karlstad,7997,Gefle,FBK Karlstad,Gefle IF,2026-04-03T14:00:00+00:00,,
fotmob,5127763,169,2023,563,1515,2023,6183,Trollhättan FC,418688,Hässleholms IF,Trollhättan,Hässleholms IF,2026-04-03T14:00:00+00:00,,
fotmob,5127765,169,2023,563,1515,2023,73158,Utsiktens BK,241064,BK Olympic,Utsikten,Olympic,2026-04-03T14:00:00+00:00,,
fotmob,5127414,169,2023,563,1515,2023,8425,Enköping,916701,IFK Stocksund,Enköping,Stocksund,2026-04-04T11:00:00+00:00,,
fotmob,5127761,169,2023,563,1515,2023,303470,Eskilsminne IF,6173,Laholms FK,Eskilsminne,Laholm,2026-04-04T11:00:00+00:00,,
fotmob,5127762,169,2023,563,1515,2023,6170,FC Rosengård,6174,Lunds BK,Rosengård,Lund,2026-04-04T11:00:00+00:00,,
fotmob,5127413,169,2023,563,1515,2023,6238,AFC Eskilstuna,1225382,FC Järfälla,AFC Eskilstuna,Järfälla,2026-04-04T14:00:00+00:00,,
fotmob,5127419,169,2023,563,1515,2023,111120,Sollentuna FK,303472,Karlbergs BK,Sollentuna,Karlberg,2026-04-04T14:00:00+00:00,,
fotmob,5127767,169,2023,563,1515,2023,6622,Åtvidaberg,8510,Jönköping S.,Atvidabergs FF,Jonkopings Sodra,2026-04-05T14:00:00+00:00,,
fotmob,5127412,169,2023,563,1515,2023,10225,Assyriska FF,1011931,FC Stockholm,Assyriska FF,Stockholm Internazionale,2026-04-05T14:00:00+00:00,,
fotmob,5127764,169,2023,563,1515,2023,6153,Skövde AIK,241285,Tvååkers IF,Skövde AIK,Tvååker,2026-04-06T11:00:00+00:00,,
fotmob,5127423,169,2023,563,1515,2023,303472,Karlbergs BK,8425,Enköping,Karlberg,Enköping,2026-04-10T17:30:00+00:00,,
fotmob,5127772,169,2023,563,1515,2023,6173,Laholms FK,8189,Ängelholms FF,Laholm,Angelholms FF,2026-04-11T11:00:00+00:00,,
fotmob,5127774,169,2023,563,1515,2023,8333,Trelleborgs FF,1331261,AFC Malmoe,Trelleborg,Ariana,2026-04-11T11:00:00+00:00,,
fotmob,5127420,169,2023,563,1515,2023,1225382,FC Järfälla,111120,Sollentuna FK,Järfälla,Sollentuna,2026-04-11T14:00:00+00:00,,
fotmob,5127771,169,2023,563,1515,2023,1965,Kristianstad FC,6153,Skövde AIK,Kristianstad,Skövde AIK,2026-04-11T14:00:00+00:00,,
fotmob,5127426,169,2023,563,1515,2023,8601,Umeå,841094,FC Arlanda,Umeå FC,Arlanda,2026-04-12T11:00:00+00:00,,
fotmob,5127424,169,2023,563,1515,2023,2006,Piteå,10225,Assyriska FF,Piteå,Assyriska FF,2026-04-12T12:00:00+00:00,,
fotmob,5127427,169,2023,563,1515,2023,1967,Vasalunds IF,627694,FBK Karlstad,Vasalund,FBK Karlstad,2026-04-12T14:00:00+00:00,,
fotmob,5127778,169,2023,563,1515,2023,418688,Hässleholms IF,241064,BK Olympic,Hässleholms IF,Olympic,2026-04-17T17:00:00+00:00,,
fotmob,5127776,169,2023,563,1515,2023,1331261,AFC Malmoe,6170,FC Rosengård,Ariana,Rosengård,2026-04-18T11:00:00+00:00,,
fotmob,5127429,169,2023,563,1515,2023,8425,Enköping,627694,FBK Karlstad,Enköping,FBK Karlstad,2026-04-18T11:00:00+00:00,,
fotmob,5127780,169,2023,563,1515,2023,8333,Trelleborgs FF,241285,Tvååkers IF,Trelleborg,Tvååker,2026-04-18T11:00:00+00:00,,
fotmob,5127777,169,2023,563,1515,2023,303470,Eskilsminne IF,8510,Jönköping S.,Eskilsminne,Jonkopings Sodra,2026-04-18T14:00:00+00:00,,
fotmob,5127430,169,2023,563,1515,2023,841094,FC Arlanda,1011931,FC Stockholm,Arlanda,Stockholm Internazionale,2026-04-18T14:00:00+00:00,,
fotmob,5127431,169,2023,563,1515,2023,7997,Gefle,111120,Sollentuna FK,Gefle IF,Sollentuna,2026-04-18T14:00:00+00:00,,
fotmob,5127432,169,2023,563,1515,2023,191433,IF Karlstad,1225382,FC Järfälla,IF Karlstad,Järfälla,2026-04-18T14:00:00+00:00,,
fotmob,5127779,169,2023,563,1515,2023,6153,Skövde AIK,6173,Laholms FK,Skövde AIK,Laholm,2026-04-18T14:00:00+00:00,,
fotmob,5127781,169,2023,563,1515,2023,73158,Utsiktens BK,6183,Trollhättan FC,Utsikten,Trollhättan,2026-04-18T15:00:00+00:00,,
fotmob,5127783,169,2023,563,1515,2023,6622,Åtvidaberg,1965,Kristianstad FC,Atvidabergs FF,Kristianstad,2026-04-19T14:00:00+00:00,,
fotmob,5127428,169,2023,563,1515,2023,10225,Assyriska FF,303472,Karlbergs BK,Assyriska FF,Karlberg,2026-04-19T14:00:00+00:00,,
fotmob,5127433,169,2023,563,1515,2023,916701,IFK Stocksund,6238,AFC Eskilstuna,Stocksund,AFC Eskilstuna,2026-04-20T17:30:00+00:00,,
fotmob,5127786,169,2023,563,1515,2023,6183,Trollhättan FC,6153,Skövde AIK,Trollhättan,Skövde AIK,2026-04-24T17:00:00+00:00,,
fotmob,5127437,169,2023,563,1515,2023,8425,Enköping,841094,FC Arlanda,Enköping,Arlanda,2026-04-24T17:30:00+00:00,,
fotmob,5127790,169,2023,563,1515,2023,8189,Ängelholms FF,418688,Hässleholms IF,Angelholms FF,Hässleholms IF,2026-04-25T11:00:00+00:00,,
fotmob,5127785,169,2023,563,1515,2023,6170,FC Rosengård,303470,Eskilsminne IF,Rosengård,Eskilsminne,2026-04-25T11:00:00+00:00,,
fotmob,5127791,169,2023,563,1515,2023,6622,Åtvidaberg,1331261,AFC Malmoe,Atvidabergs FF,Ariana,2026-04-25T14:00:00+00:00,,
fotmob,5127438,169,2023,563,1515,2023,627694,FBK Karlstad,916701,IFK Stocksund,FBK Karlstad,Stocksund,2026-04-25T14:00:00+00:00,,
fotmob,5127788,169,2023,563,1515,2023,6173,Laholms FK,8333,Trelleborgs FF,Laholm,Trelleborg,2026-04-25T14:00:00+00:00,,
fotmob,5127442,169,2023,563,1515,2023,111120,Sollentuna FK,10225,Assyriska FF,Sollentuna,Assyriska FF,2026-04-25T14:00:00+00:00,,
fotmob,5127436,169,2023,563,1515,2023,6238,AFC Eskilstuna,191433,IF Karlstad,AFC Eskilstuna,IF Karlstad,2026-04-26T14:00:00+00:00,,
fotmob,5127784,169,2023,563,1515,2023,241064,BK Olympic,8510,Jönköping S.,Olympic,Jonkopings Sodra,2026-04-26T14:00:00+00:00,,
fotmob,5127439,169,2023,563,1515,2023,1225382,FC Järfälla,2006,Piteå,Järfälla,Piteå,2026-04-26T14:00:00+00:00,,
fotmob,5127441,169,2023,563,1515,2023,303472,Karlbergs BK,7997,Gefle,Karlberg,Gefle IF,2026-04-26T14:00:00+00:00,,
fotmob,5127787,169,2023,563,1515,2023,1965,Kristianstad FC,73158,Utsiktens BK,Kristianstad,Utsikten,2026-04-26T14:00:00+00:00,,
fotmob,5127794,169,2023,563,1515,2023,418688,Hässleholms IF,6174,Lunds BK,Hässleholms IF,Lund,2026-05-01T11:00:00+00:00,,
fotmob,5127795,169,2023,563,1515,2023,8510,Jönköping S.,1965,Kristianstad FC,Jonkopings Sodra,Kristianstad,2026-05-02T11:00:00+00:00,,
fotmob,5127797,169,2023,563,1515,2023,8333,Trelleborgs FF,241064,BK Olympic,Trelleborg,Olympic,2026-05-02T11:00:00+00:00,,
fotmob,5127798,169,2023,563,1515,2023,241285,Tvååkers IF,6173,Laholms FK,Tvååker,Laholm,2026-05-02T11:00:00+00:00,,
fotmob,5127445,169,2023,563,1515,2023,6238,AFC Eskilstuna,627694,FBK Karlstad,AFC Eskilstuna,FBK Karlstad,2026-05-02T14:00:00+00:00,,
fotmob,5127793,169,2023,563,1515,2023,6183,Trollhättan FC,6170,FC Rosengård,Trollhättan,Rosengård,2026-05-02T14:00:00+00:00,,
fotmob,5127446,169,2023,563,1515,2023,7997,Gefle,8425,Enköping,Gefle IF,Enköping,2026-05-02T14:00:00+00:00,,
fotmob,5127796,169,2023,563,1515,2023,6153,Skövde AIK,6622,Åtvidaberg,Skövde AIK,Atvidabergs FF,2026-05-02T14:00:00+00:00,,
fotmob,5127799,169,2023,563,1515,2023,73158,Utsiktens BK,1331261,AFC Malmoe,Utsikten,Ariana,2026-05-02T15:00:00+00:00,,
fotmob,5127449,169,2023,563,1515,2023,2006,Piteå,841094,FC Arlanda,Piteå,Arlanda,2026-05-03T13:00:00+00:00,,
fotmob,5127451,169,2023,563,1515,2023,8601,Umeå,303472,Karlbergs BK,Umeå FC,Karlberg,2026-05-03T13:00:00+00:00,,
fotmob,5127444,169,2023,563,1515,2023,10225,Assyriska FF,1225382,FC Järfälla,Assyriska FF,Järfälla,2026-05-03T14:00:00+00:00,,
fotmob,5127800,169,2023,563,1515,2023,1331261,AFC Malmoe,418688,Hässleholms IF,Ariana,Hässleholms IF,2026-05-08T17:00:00+00:00,,
fotmob,5127452,169,2023,563,1515,2023,8425,Enköping,6238,AFC Eskilstuna,Enköping,AFC Eskilstuna,2026-05-08T17:00:00+00:00,,
fotmob,5127801,169,2023,563,1515,2023,241064,BK Olympic,1965,Kristianstad FC,Olympic,Kristianstad,2026-05-09T11:00:00+00:00,,
fotmob,5127454,169,2023,563,1515,2023,841094,FC Arlanda,111120,Sollentuna FK,Arlanda,Sollentuna,2026-05-09T11:00:00+00:00,,
fotmob,5127458,169,2023,563,1515,2023,8601,Umeå,7997,Gefle,Umeå FC,Gefle IF,2026-05-09T11:00:00+00:00,,
fotmob,5127802,169,2023,563,1515,2023,303470,Eskilsminne IF,73158,Utsiktens BK,Eskilsminne,Utsikten,2026-05-09T14:00:00+00:00,,
fotmob,5127453,169,2023,563,1515,2023,627694,FBK Karlstad,1225382,FC Järfälla,FBK Karlstad,Järfälla,2026-05-09T14:00:00+00:00,,
fotmob,5127803,169,2023,563,1515,2023,6170,FC Rosengård,241285,Tvååkers IF,Rosengård,Tvååker,2026-05-09T14:00:00+00:00,,
fotmob,5127455,169,2023,563,1515,2023,4438,Hammarby TFF,10225,Assyriska FF,Hammarby Talang,Assyriska FF,2026-05-09T14:00:00+00:00,,
fotmob,5127457,169,2023,563,1515,2023,303472,Karlbergs BK,191433,IF Karlstad,Karlberg,IF Karlstad,2026-05-09T14:00:00+00:00,,
fotmob,5127806,169,2023,563,1515,2023,6153,Skövde AIK,8189,Ängelholms FF,Skövde AIK,Angelholms FF,2026-05-09T14:00:00+00:00,,
fotmob,5127807,169,2023,563,1515,2023,6622,Åtvidaberg,8333,Trelleborgs FF,Atvidabergs FF,Trelleborg,2026-05-10T11:00:00+00:00,,
fotmob,5127804,169,2023,563,1515,2023,8510,Jönköping S.,6173,Laholms FK,Jonkopings Sodra,Laholm,2026-05-10T14:00:00+00:00,,
fotmob,5127466,169,2023,563,1515,2023,1011931,FC Stockholm,6238,AFC Eskilstuna,Stockholm Internazionale,AFC Eskilstuna,2026-05-13T17:00:00+00:00,,
fotmob,5127809,169,2023,563,1515,2023,418688,Hässleholms IF,303470,Eskilsminne IF,Hässleholms IF,Eskilsminne,2026-05-13T17:00:00+00:00,,
fotmob,5127811,169,2023,563,1515,2023,6173,Laholms FK,6174,Lunds BK,Laholm,Lund,2026-05-13T17:00:00+00:00,,
fotmob,5127462,169,2023,563,1515,2023,1225382,FC Järfälla,8425,Enköping,Järfälla,Enköping,2026-05-13T17:30:00+00:00,,
fotmob,5127464,169,2023,563,1515,2023,2006,Piteå,627694,FBK Karlstad,Piteå,FBK Karlstad,2026-05-14T11:00:00+00:00,,
fotmob,5127467,169,2023,563,1515,2023,1967,Vasalunds IF,7997,Gefle,Vasalund,Gefle IF,2026-05-14T11:00:00+00:00,,
fotmob,5127460,169,2023,563,1515,2023,10225,Assyriska FF,8601,Umeå,Assyriska FF,Umeå FC,2026-05-14T13:00:00+00:00,,
fotmob,5127808,169,2023,563,1515,2023,6183,Trollhättan FC,1331261,AFC Malmoe,Trollhättan,Ariana,2026-05-14T14:00:00+00:00,,
fotmob,5127470,169,2023,563,1515,2023,627694,FBK Karlstad,8601,Umeå,FBK Karlstad,Umeå FC,2026-05-17T11:00:00+00:00,,
fotmob,5127819,169,2023,563,1515,2023,8510,Jönköping S.,418688,Hässleholms IF,Jonkopings Sodra,Hässleholms IF,2026-05-17T11:00:00+00:00,,
fotmob,5127821,169,2023,563,1515,2023,6174,Lunds BK,73158,Utsiktens BK,Lund,Utsikten,2026-05-17T11:00:00+00:00,,
fotmob,5127469,169,2023,563,1515,2023,8425,Enköping,111120,Sollentuna FK,Enköping,Sollentuna,2026-05-17T14:00:00+00:00,,
fotmob,5127818,169,2023,563,1515,2023,303470,Eskilsminne IF,6153,Skövde AIK,Eskilsminne,Skövde AIK,2026-05-17T14:00:00+00:00,,
fotmob,5127471,169,2023,563,1515,2023,7997,Gefle,10225,Assyriska FF,Gefle IF,Assyriska FF,2026-05-17T14:00:00+00:00,,
fotmob,5127822,169,2023,563,1515,2023,8333,Trelleborgs FF,6183,Trollhättan FC,Trelleborg,Trollhättan,2026-05-17T14:00:00+00:00,,
fotmob,5127823,169,2023,563,1515,2023,8189,Ängelholms FF,1965,Kristianstad FC,Angelholms FF,Kristianstad,2026-05-18T17:00:00+00:00,,
fotmob,5127816,169,2023,563,1515,2023,1331261,AFC Malmoe,241285,Tvååkers IF,Ariana,Tvååker,2026-05-18T17:00:00+00:00,,
fotmob,5127820,169,2023,563,1515,2023,6173,Laholms FK,6170,FC Rosengård,Laholm,Rosengård,2026-05-18T17:00:00+00:00,,
fotmob,5127468,169,2023,563,1515,2023,6238,AFC Eskilstuna,841094,FC Arlanda,AFC Eskilstuna,Arlanda,2026-05-18T17:30:00+00:00,,
fotmob,5127477,169,2023,563,1515,2023,8425,Enköping,4438,Hammarby TFF,Enköping,Hammarby Talang,2026-05-23T11:00:00+00:00,,
fotmob,5127824,169,2023,563,1515,2023,6170,FC Rosengård,241064,BK Olympic,Rosengård,Olympic,2026-05-23T11:00:00+00:00,,
fotmob,5127478,169,2023,563,1515,2023,627694,FBK Karlstad,841094,FC Arlanda,FBK Karlstad,Arlanda,2026-05-23T14:00:00+00:00,,
fotmob,5127479,169,2023,563,1515,2023,1225382,FC Järfälla,7997,Gefle,Järfälla,Gefle IF,2026-05-23T14:00:00+00:00,,
fotmob,5127482,169,2023,563,1515,2023,1011931,FC Stockholm,303472,Karlbergs BK,Stockholm Internazionale,Karlberg,2026-05-23T14:00:00+00:00,,
fotmob,5127480,169,2023,563,1515,2023,916701,IFK Stocksund,10225,Assyriska FF,Stocksund,Assyriska FF,2026-05-23T14:00:00+00:00,,
fotmob,5127828,169,2023,563,1515,2023,6153,Skövde AIK,1331261,AFC Malmoe,Skövde AIK,Ariana,2026-05-23T14:00:00+00:00,,
fotmob,5127831,169,2023,563,1515,2023,6622,Åtvidaberg,6173,Laholms FK,Atvidabergs FF,Laholm,2026-05-24T14:00:00+00:00,,
fotmob,5127476,169,2023,563,1515,2023,6238,AFC Eskilstuna,1967,Vasalunds IF,AFC Eskilstuna,Vasalund,2026-05-24T14:00:00+00:00,,
fotmob,5127825,169,2023,563,1515,2023,8510,Jönköping S.,8189,Ängelholms FF,Jonkopings Sodra,Angelholms FF,2026-05-24T14:00:00+00:00,,
fotmob,5127834,169,2023,563,1515,2023,303470,Eskilsminne IF,8333,Trelleborgs FF,Eskilsminne,Trelleborg,2026-05-30T11:00:00+00:00,,
fotmob,5127832,169,2023,563,1515,2023,1331261,AFC Malmoe,6173,Laholms FK,Ariana,Laholm,2026-05-30T14:00:00+00:00,,
fotmob,5127486,169,2023,563,1515,2023,4438,Hammarby TFF,6238,AFC Eskilstuna,Hammarby Talang,AFC Eskilstuna,2026-05-30T14:00:00+00:00,,
fotmob,5127839,169,2023,563,1515,2023,241285,Tvååkers IF,1965,Kristianstad FC,Tvååker,Kristianstad,2026-05-30T14:00:00+00:00,,
fotmob,5127837,169,2023,563,1515,2023,418688,Hässleholms IF,73158,Utsiktens BK,Hässleholms IF,Utsikten,2026-05-30T14:30:00+00:00,,
fotmob,5127488,169,2023,563,1515,2023,303472,Karlbergs BK,627694,FBK Karlstad,Karlberg,FBK Karlstad,2026-05-31T14:00:00+00:00,,
fotmob,5127485,169,2023,563,1515,2023,841094,FC Arlanda,7997,Gefle,Arlanda,Gefle IF,2026-06-01T17:15:00+00:00,,
fotmob,5127835,169,2023,563,1515,2023,6170,FC Rosengård,8189,Ängelholms FF,Rosengård,Angelholms FF,2026-06-02T17:00:00+00:00,,
fotmob,5127484,169,2023,563,1515,2023,10225,Assyriska FF,8425,Enköping,Assyriska FF,Enköping,2026-06-02T17:30:00+00:00,,
fotmob,5127491,169,2023,563,1515,2023,1967,Vasalunds IF,1225382,FC Järfälla,Vasalund,Järfälla,2026-06-03T17:30:00+00:00,,
fotmob,5127843,169,2023,563,1515,2023,6173,Laholms FK,418688,Hässleholms IF,Laholm,Hässleholms IF,2026-06-04T17:00:00+00:00,,
fotmob,5127492,169,2023,563,1515,2023,6238,AFC Eskilstuna,303472,Karlbergs BK,AFC Eskilstuna,Karlberg,2026-06-04T17:30:00+00:00,,
fotmob,5127493,169,2023,563,1515,2023,627694,FBK Karlstad,191433,IF Karlstad,FBK Karlstad,IF Karlstad,2026-06-05T17:00:00+00:00,,
fotmob,5127496,169,2023,563,1515,2023,7997,Gefle,4438,Hammarby TFF,Gefle IF,Hammarby Talang,2026-06-06T14:00:00+00:00,,
fotmob,5127841,169,2023,563,1515,2023,8510,Jönköping S.,6183,Trollhättan FC,Jonkopings Sodra,Trollhättan,2026-06-06T14:00:00+00:00,,
fotmob,5127840,169,2023,563,1515,2023,1331261,AFC Malmoe,303470,Eskilsminne IF,Ariana,Eskilsminne,2026-06-07T11:00:00+00:00,,
fotmob,5127842,169,2023,563,1515,2023,1965,Kristianstad FC,6174,Lunds BK,Kristianstad,Lund,2026-06-07T11:00:00+00:00,,
fotmob,5127497,169,2023,563,1515,2023,2006,Piteå,8425,Enköping,Piteå,Enköping,2026-06-07T12:00:00+00:00,,
fotmob,5127494,169,2023,563,1515,2023,841094,FC Arlanda,10225,Assyriska FF,Arlanda,Assyriska FF,2026-06-07T14:00:00+00:00,,
fotmob,5127495,169,2023,563,1515,2023,1225382,FC Järfälla,916701,IFK Stocksund,Järfälla,Stocksund,2026-06-08T17:30:00+00:00,,
fotmob,5127845,169,2023,563,1515,2023,73158,Utsiktens BK,6170,FC Rosengård,Utsikten,Rosengård,2026-06-08T17:30:00+00:00,,
fotmob,5127852,169,2023,563,1515,2023,6174,Lunds BK,1331261,AFC Malmoe,Lund,Ariana,2026-06-12T17:00:00+00:00,,
fotmob,5127854,169,2023,563,1515,2023,8189,Ängelholms FF,73158,Utsiktens BK,Angelholms FF,Utsikten,2026-06-13T11:00:00+00:00,,
fotmob,5127848,169,2023,563,1515,2023,241064,BK Olympic,6173,Laholms FK,Olympic,Laholm,2026-06-13T11:00:00+00:00,,
fotmob,5127853,169,2023,563,1515,2023,241285,Tvååkers IF,8510,Jönköping S.,Tvååker,Jonkopings Sodra,2026-06-13T11:00:00+00:00,,
fotmob,5127850,169,2023,563,1515,2023,6183,Trollhättan FC,1965,Kristianstad FC,Trollhättan,Kristianstad,2026-06-13T14:00:00+00:00,,
fotmob,5127503,169,2023,563,1515,2023,191433,IF Karlstad,7997,Gefle,IF Karlstad,Gefle IF,2026-06-13T14:00:00+00:00,,
fotmob,5127851,169,2023,563,1515,2023,418688,Hässleholms IF,8333,Trelleborgs FF,Hässleholms IF,Trelleborg,2026-06-14T11:00:00+00:00,,
fotmob,5127505,169,2023,563,1515,2023,303472,Karlbergs BK,4438,Hammarby TFF,Karlberg,Hammarby Talang,2026-06-14T11:00:00+00:00,,
fotmob,5127500,169,2023,563,1515,2023,6238,AFC Eskilstuna,10225,Assyriska FF,AFC Eskilstuna,Assyriska FF,2026-06-14T14:00:00+00:00,,
fotmob,5127501,169,2023,563,1515,2023,8425,Enköping,1967,Vasalunds IF,Enköping,Vasalund,2026-06-14T14:00:00+00:00,,
fotmob,5127849,169,2023,563,1515,2023,6170,FC Rosengård,6153,Skövde AIK,Rosengård,Skövde AIK,2026-06-14T14:00:00+00:00,,
fotmob,5127506,169,2023,563,1515,2023,1011931,FC Stockholm,627694,FBK Karlstad,Stockholm Internazionale,FBK Karlstad,2026-06-14T14:00:00+00:00,,
fotmob,5127863,169,2023,563,1515,2023,73158,Utsiktens BK,6622,Åtvidaberg,Utsikten,Atvidabergs FF,2026-06-17T17:30:00+00:00,,
fotmob,5127511,169,2023,563,1515,2023,7997,Gefle,1011931,FC Stockholm,Gefle IF,Stockholm Internazionale,2026-06-18T17:00:00+00:00,,
fotmob,5127512,169,2023,563,1515,2023,4438,Hammarby TFF,1225382,FC Järfälla,Hammarby Talang,Järfälla,2026-06-18T17:00:00+00:00,,
fotmob,5127858,169,2023,563,1515,2023,8510,Jönköping S.,6174,Lunds BK,Jonkopings Sodra,Lund,2026-06-18T17:00:00+00:00,,
fotmob,5127860,169,2023,563,1515,2023,6153,Skövde AIK,418688,Hässleholms IF,Skövde AIK,Hässleholms IF,2026-06-18T17:00:00+00:00,,
fotmob,5127861,169,2023,563,1515,2023,8333,Trelleborgs FF,6170,FC Rosengård,Trelleborg,Rosengård,2026-06-18T17:00:00+00:00,,
fotmob,5127515,169,2023,563,1515,2023,1967,Vasalunds IF,303472,Karlbergs BK,Vasalund,Karlberg,2026-06-18T17:00:00+00:00,,
fotmob,5127510,169,2023,563,1515,2023,841094,FC Arlanda,916701,IFK Stocksund,Arlanda,Stocksund,2026-06-18T17:15:00+00:00,,
fotmob,5127514,169,2023,563,1515,2023,111120,Sollentuna FK,627694,FBK Karlstad,Sollentuna,FBK Karlstad,2026-06-18T17:30:00+00:00,,
fotmob,5127513,169,2023,563,1515,2023,2006,Piteå,6238,AFC Eskilstuna,Piteå,AFC Eskilstuna,2026-06-21T11:00:00+00:00,,
fotmob,5127509,169,2023,563,1515,2023,8425,Enköping,8601,Umeå,Enköping,Umeå FC,2026-06-21T13:00:00+00:00,,
fotmob,5127856,169,2023,563,1515,2023,1331261,AFC Malmoe,241064,BK Olympic,Ariana,Olympic,2026-06-21T14:00:00+00:00,,
fotmob,5127859,169,2023,563,1515,2023,1965,Kristianstad FC,6173,Laholms FK,Kristianstad,Laholm,2026-06-21T14:00:00+00:00,,
fotmob,5127508,169,2023,563,1515,2023,10225,Assyriska FF,191433,IF Karlstad,Assyriska FF,IF Karlstad,2026-06-21T15:00:00+00:00,,
fotmob,5127520,169,2023,563,1515,2023,303472,Karlbergs BK,2006,Piteå,Karlberg,Piteå,2026-06-24T17:00:00+00:00,,
fotmob,5127766,169,2022,564,1516,2022,8189,Ängelholms FF,8333,Trelleborgs FF,Angelholms FF,Trelleborg,2026-04-03T11:00:00+00:00,,
fotmob,5127416,169,2022,564,1516,2022,841094,FC Arlanda,1967,Vasalunds IF,Arlanda,Vasalund,2026-04-03T11:00:00+00:00,,
fotmob,5127415,169,2022,564,1516,2022,627694,FBK Karlstad,7997,Gefle,FBK Karlstad,Gefle IF,2026-04-03T14:00:00+00:00,,
fotmob,5127763,169,2022,564,1516,2022,6183,Trollhättan FC,418688,Hässleholms IF,Trollhättan,Hässleholms IF,2026-04-03T14:00:00+00:00,,
fotmob,5127765,169,2022,564,1516,2022,73158,Utsiktens BK,241064,BK Olympic,Utsikten,Olympic,2026-04-03T14:00:00+00:00,,
fotmob,5127414,169,2022,564,1516,2022,8425,Enköping,916701,IFK Stocksund,Enköping,Stocksund,2026-04-04T11:00:00+00:00,,
fotmob,5127761,169,2022,564,1516,2022,303470,Eskilsminne IF,6173,Laholms FK,Eskilsminne,Laholm,2026-04-04T11:00:00+00:00,,
fotmob,5127762,169,2022,564,1516,2022,6170,FC Rosengård,6174,Lunds BK,Rosengård,Lund,2026-04-04T11:00:00+00:00,,
fotmob,5127413,169,2022,564,1516,2022,6238,AFC Eskilstuna,1225382,FC Järfälla,AFC Eskilstuna,Järfälla,2026-04-04T14:00:00+00:00,,
fotmob,5127419,169,2022,564,1516,2022,111120,Sollentuna FK,303472,Karlbergs BK,Sollentuna,Karlberg,2026-04-04T14:00:00+00:00,,
fotmob,5127767,169,2022,564,1516,2022,6622,Åtvidaberg,8510,Jönköping S.,Atvidabergs FF,Jonkopings Sodra,2026-04-05T14:00:00+00:00,,
fotmob,5127412,169,2022,564,1516,2022,10225,Assyriska FF,1011931,FC Stockholm,Assyriska FF,Stockholm Internazionale,2026-04-05T14:00:00+00:00,,
fotmob,5127764,169,2022,564,1516,2022,6153,Skövde AIK,241285,Tvååkers IF,Skövde AIK,Tvååker,2026-04-06T11:00:00+00:00,,
fotmob,5127423,169,2022,564,1516,2022,303472,Karlbergs BK,8425,Enköping,Karlberg,Enköping,2026-04-10T17:30:00+00:00,,
fotmob,5127772,169,2022,564,1516,2022,6173,Laholms FK,8189,Ängelholms FF,Laholm,Angelholms FF,2026-04-11T11:00:00+00:00,,
fotmob,5127774,169,2022,564,1516,2022,8333,Trelleborgs FF,1331261,AFC Malmoe,Trelleborg,Ariana,2026-04-11T11:00:00+00:00,,
fotmob,5127775,169,2022,564,1516,2022,241285,Tvååkers IF,303470,Eskilsminne IF,Tvååker,Eskilsminne,2026-04-11T11:00:00+00:00,,
fotmob,5127420,169,2022,564,1516,2022,1225382,FC Järfälla,111120,Sollentuna FK,Järfälla,Sollentuna,2026-04-11T14:00:00+00:00,,
fotmob,5127421,169,2022,564,1516,2022,7997,Gefle,6238,AFC Eskilstuna,Gefle IF,AFC Eskilstuna,2026-04-11T14:00:00+00:00,,
fotmob,5127422,169,2022,564,1516,2022,916701,IFK Stocksund,4438,Hammarby TFF,Stocksund,Hammarby Talang,2026-04-11T14:00:00+00:00,,
fotmob,5127771,169,2022,564,1516,2022,1965,Kristianstad FC,6153,Skövde AIK,Kristianstad,Skövde AIK,2026-04-11T14:00:00+00:00,,
fotmob,5127426,169,2022,564,1516,2022,8601,Umeå,841094,FC Arlanda,Umeå FC,Arlanda,2026-04-12T11:00:00+00:00,,
fotmob,5127424,169,2022,564,1516,2022,2006,Piteå,10225,Assyriska FF,Piteå,Assyriska FF,2026-04-12T12:00:00+00:00,,
fotmob,5127427,169,2022,564,1516,2022,1967,Vasalunds IF,627694,FBK Karlstad,Vasalund,FBK Karlstad,2026-04-12T14:00:00+00:00,,
fotmob,5127778,169,2022,564,1516,2022,418688,Hässleholms IF,241064,BK Olympic,Hässleholms IF,Olympic,2026-04-17T17:00:00+00:00,,
fotmob,5127429,169,2022,564,1516,2022,8425,Enköping,627694,FBK Karlstad,Enköping,FBK Karlstad,2026-04-18T11:00:00+00:00,,
fotmob,5127780,169,2022,564,1516,2022,8333,Trelleborgs FF,241285,Tvååkers IF,Trelleborg,Tvååker,2026-04-18T11:00:00+00:00,,
fotmob,5127777,169,2022,564,1516,2022,303470,Eskilsminne IF,8510,Jönköping S.,Eskilsminne,Jonkopings Sodra,2026-04-18T14:00:00+00:00,,
fotmob,5127430,169,2022,564,1516,2022,841094,FC Arlanda,1011931,FC Stockholm,Arlanda,Stockholm Internazionale,2026-04-18T14:00:00+00:00,,
fotmob,5127432,169,2022,564,1516,2022,191433,IF Karlstad,1225382,FC Järfälla,IF Karlstad,Järfälla,2026-04-18T14:00:00+00:00,,
fotmob,5127779,169,2022,564,1516,2022,6153,Skövde AIK,6173,Laholms FK,Skövde AIK,Laholm,2026-04-18T14:00:00+00:00,,
fotmob,5127781,169,2022,564,1516,2022,73158,Utsiktens BK,6183,Trollhättan FC,Utsikten,Trollhättan,2026-04-18T15:00:00+00:00,,
fotmob,5127783,169,2022,564,1516,2022,6622,Åtvidaberg,1965,Kristianstad FC,Atvidabergs FF,Kristianstad,2026-04-19T14:00:00+00:00,,
fotmob,5127433,169,2022,564,1516,2022,916701,IFK Stocksund,6238,AFC Eskilstuna,Stocksund,AFC Eskilstuna,2026-04-20T17:30:00+00:00,,
fotmob,5127786,169,2022,564,1516,2022,6183,Trollhättan FC,6153,Skövde AIK,Trollhättan,Skövde AIK,2026-04-24T17:00:00+00:00,,
fotmob,5127437,169,2022,564,1516,2022,8425,Enköping,841094,FC Arlanda,Enköping,Arlanda,2026-04-24T17:30:00+00:00,,
fotmob,5127790,169,2022,564,1516,2022,8189,Ängelholms FF,418688,Hässleholms IF,Angelholms FF,Hässleholms IF,2026-04-25T11:00:00+00:00,,
fotmob,5127785,169,2022,564,1516,2022,6170,FC Rosengård,303470,Eskilsminne IF,Rosengård,Eskilsminne,2026-04-25T11:00:00+00:00,,
fotmob,5127791,169,2022,564,1516,2022,6622,Åtvidaberg,1331261,AFC Malmoe,Atvidabergs FF,Ariana,2026-04-25T14:00:00+00:00,,
fotmob,5127438,169,2022,564,1516,2022,627694,FBK Karlstad,916701,IFK Stocksund,FBK Karlstad,Stocksund,2026-04-25T14:00:00+00:00,,
fotmob,5127788,169,2022,564,1516,2022,6173,Laholms FK,8333,Trelleborgs FF,Laholm,Trelleborg,2026-04-25T14:00:00+00:00,,
fotmob,5127442,169,2022,564,1516,2022,111120,Sollentuna FK,10225,Assyriska FF,Sollentuna,Assyriska FF,2026-04-25T14:00:00+00:00,,
fotmob,5127436,169,2022,564,1516,2022,6238,AFC Eskilstuna,191433,IF Karlstad,AFC Eskilstuna,IF Karlstad,2026-04-26T14:00:00+00:00,,
fotmob,5127784,169,2022,564,1516,2022,241064,BK Olympic,8510,Jönköping S.,Olympic,Jonkopings Sodra,2026-04-26T14:00:00+00:00,,
fotmob,5127439,169,2022,564,1516,2022,1225382,FC Järfälla,2006,Piteå,Järfälla,Piteå,2026-04-26T14:00:00+00:00,,
fotmob,5127441,169,2022,564,1516,2022,303472,Karlbergs BK,7997,Gefle,Karlberg,Gefle IF,2026-04-26T14:00:00+00:00,,
fotmob,5127787,169,2022,564,1516,2022,1965,Kristianstad FC,73158,Utsiktens BK,Kristianstad,Utsikten,2026-04-26T14:00:00+00:00,,
fotmob,5127792,169,2022,564,1516,2022,303470,Eskilsminne IF,8189,Ängelholms FF,Eskilsminne,Angelholms FF,2026-05-01T11:00:00+00:00,,
fotmob,5127794,169,2022,564,1516,2022,418688,Hässleholms IF,6174,Lunds BK,Hässleholms IF,Lund,2026-05-01T11:00:00+00:00,,
fotmob,5127448,169,2022,564,1516,2022,916701,IFK Stocksund,1967,Vasalunds IF,Stocksund,Vasalund,2026-05-01T17:00:00+00:00,,
fotmob,5127795,169,2022,564,1516,2022,8510,Jönköping S.,1965,Kristianstad FC,Jonkopings Sodra,Kristianstad,2026-05-02T11:00:00+00:00,,
fotmob,5127797,169,2022,564,1516,2022,8333,Trelleborgs FF,241064,BK Olympic,Trelleborg,Olympic,2026-05-02T11:00:00+00:00,,
fotmob,5127798,169,2022,564,1516,2022,241285,Tvååkers IF,6173,Laholms FK,Tvååker,Laholm,2026-05-02T11:00:00+00:00,,
fotmob,5127445,169,2022,564,1516,2022,6238,AFC Eskilstuna,627694,FBK Karlstad,AFC Eskilstuna,FBK Karlstad,2026-05-02T14:00:00+00:00,,
fotmob,5127793,169,2022,564,1516,2022,6183,Trollhättan FC,6170,FC Rosengård,Trollhättan,Rosengård,2026-05-02T14:00:00+00:00,,
fotmob,5127446,169,2022,564,1516,2022,7997,Gefle,8425,Enköping,Gefle IF,Enköping,2026-05-02T14:00:00+00:00,,
fotmob,5127796,169,2022,564,1516,2022,6153,Skövde AIK,6622,Åtvidaberg,Skövde AIK,Atvidabergs FF,2026-05-02T14:00:00+00:00,,
fotmob,5127799,169,2022,564,1516,2022,73158,Utsiktens BK,1331261,AFC Malmoe,Utsikten,Ariana,2026-05-02T15:00:00+00:00,,
fotmob,5127449,169,2022,564,1516,2022,2006,Piteå,841094,FC Arlanda,Piteå,Arlanda,2026-05-03T13:00:00+00:00,,
fotmob,5127451,169,2022,564,1516,2022,8601,Umeå,303472,Karlbergs BK,Umeå FC,Karlberg,2026-05-03T13:00:00+00:00,,
fotmob,5127444,169,2022,564,1516,2022,10225,Assyriska FF,1225382,FC Järfälla,Assyriska FF,Järfälla,2026-05-03T14:00:00+00:00,,
fotmob,5127452,169,2022,564,1516,2022,8425,Enköping,6238,AFC Eskilstuna,Enköping,AFC Eskilstuna,2026-05-08T17:00:00+00:00,,
fotmob,5127801,169,2022,564,1516,2022,241064,BK Olympic,1965,Kristianstad FC,Olympic,Kristianstad,2026-05-09T11:00:00+00:00,,
fotmob,5127454,169,2022,564,1516,2022,841094,FC Arlanda,111120,Sollentuna FK,Arlanda,Sollentuna,2026-05-09T11:00:00+00:00,,
fotmob,5127802,169,2022,564,1516,2022,303470,Eskilsminne IF,73158,Utsiktens BK,Eskilsminne,Utsikten,2026-05-09T14:00:00+00:00,,
fotmob,5127453,169,2022,564,1516,2022,627694,FBK Karlstad,1225382,FC Järfälla,FBK Karlstad,Järfälla,2026-05-09T14:00:00+00:00,,
fotmob,5127803,169,2022,564,1516,2022,6170,FC Rosengård,241285,Tvååkers IF,Rosengård,Tvååker,2026-05-09T14:00:00+00:00,,
fotmob,5127455,169,2022,564,1516,2022,4438,Hammarby TFF,10225,Assyriska FF,Hammarby Talang,Assyriska FF,2026-05-09T14:00:00+00:00,,
fotmob,5127456,169,2022,564,1516,2022,916701,IFK Stocksund,1011931,FC Stockholm,Stocksund,Stockholm Internazionale,2026-05-09T14:00:00+00:00,,
fotmob,5127457,169,2022,564,1516,2022,303472,Karlbergs BK,191433,IF Karlstad,Karlberg,IF Karlstad,2026-05-09T14:00:00+00:00,,
fotmob,5127806,169,2022,564,1516,2022,6153,Skövde AIK,8189,Ängelholms FF,Skövde AIK,Angelholms FF,2026-05-09T14:00:00+00:00,,
fotmob,5127807,169,2022,564,1516,2022,6622,Åtvidaberg,8333,Trelleborgs FF,Atvidabergs FF,Trelleborg,2026-05-10T11:00:00+00:00,,
fotmob,5127804,169,2022,564,1516,2022,8510,Jönköping S.,6173,Laholms FK,Jonkopings Sodra,Laholm,2026-05-10T14:00:00+00:00,,
fotmob,5127466,169,2022,564,1516,2022,1011931,FC Stockholm,6238,AFC Eskilstuna,Stockholm Internazionale,AFC Eskilstuna,2026-05-13T17:00:00+00:00,,
fotmob,5127809,169,2022,564,1516,2022,418688,Hässleholms IF,303470,Eskilsminne IF,Hässleholms IF,Eskilsminne,2026-05-13T17:00:00+00:00,,
fotmob,5127811,169,2022,564,1516,2022,6173,Laholms FK,6174,Lunds BK,Laholm,Lund,2026-05-13T17:00:00+00:00,,
fotmob,5127461,169,2022,564,1516,2022,841094,FC Arlanda,303472,Karlbergs BK,Arlanda,Karlberg,2026-05-13T17:30:00+00:00,,
fotmob,5127462,169,2022,564,1516,2022,1225382,FC Järfälla,8425,Enköping,Järfälla,Enköping,2026-05-13T17:30:00+00:00,,
fotmob,5127464,169,2022,564,1516,2022,2006,Piteå,627694,FBK Karlstad,Piteå,FBK Karlstad,2026-05-14T11:00:00+00:00,,
fotmob,5127460,169,2022,564,1516,2022,10225,Assyriska FF,8601,Umeå,Assyriska FF,Umeå FC,2026-05-14T13:00:00+00:00,,
fotmob,5127808,169,2022,564,1516,2022,6183,Trollhättan FC,1331261,AFC Malmoe,Trollhättan,Ariana,2026-05-14T14:00:00+00:00,,
fotmob,5127463,169,2022,564,1516,2022,191433,IF Karlstad,916701,IFK Stocksund,IF Karlstad,Stocksund,2026-05-14T14:00:00+00:00,,
fotmob,5127475,169,2022,564,1516,2022,303472,Karlbergs BK,1225382,FC Järfälla,Karlberg,Järfälla,2026-05-16T11:00:00+00:00,,
fotmob,5127470,169,2022,564,1516,2022,627694,FBK Karlstad,8601,Umeå,FBK Karlstad,Umeå FC,2026-05-17T11:00:00+00:00,,
fotmob,5127819,169,2022,564,1516,2022,8510,Jönköping S.,418688,Hässleholms IF,Jonkopings Sodra,Hässleholms IF,2026-05-17T11:00:00+00:00,,
fotmob,5127821,169,2022,564,1516,2022,6174,Lunds BK,73158,Utsiktens BK,Lund,Utsikten,2026-05-17T11:00:00+00:00,,
fotmob,5127469,169,2022,564,1516,2022,8425,Enköping,111120,Sollentuna FK,Enköping,Sollentuna,2026-05-17T14:00:00+00:00,,
fotmob,5127818,169,2022,564,1516,2022,303470,Eskilsminne IF,6153,Skövde AIK,Eskilsminne,Skövde AIK,2026-05-17T14:00:00+00:00,,
fotmob,5127471,169,2022,564,1516,2022,7997,Gefle,10225,Assyriska FF,Gefle IF,Assyriska FF,2026-05-17T14:00:00+00:00,,
fotmob,5127474,169,2022,564,1516,2022,916701,IFK Stocksund,2006,Piteå,Stocksund,Piteå,2026-05-17T14:00:00+00:00,,
fotmob,5127822,169,2022,564,1516,2022,8333,Trelleborgs FF,6183,Trollhättan FC,Trelleborg,Trollhättan,2026-05-17T14:00:00+00:00,,
fotmob,5127823,169,2022,564,1516,2022,8189,Ängelholms FF,1965,Kristianstad FC,Angelholms FF,Kristianstad,2026-05-18T17:00:00+00:00,,
fotmob,5127816,169,2022,564,1516,2022,1331261,AFC Malmoe,241285,Tvååkers IF,Ariana,Tvååker,2026-05-18T17:00:00+00:00,,
fotmob,5127820,169,2022,564,1516,2022,6173,Laholms FK,6170,FC Rosengård,Laholm,Rosengård,2026-05-18T17:00:00+00:00,,
fotmob,5127468,169,2022,564,1516,2022,6238,AFC Eskilstuna,841094,FC Arlanda,AFC Eskilstuna,Arlanda,2026-05-18T17:30:00+00:00,,
fotmob,5127827,169,2022,564,1516,2022,6174,Lunds BK,303470,Eskilsminne IF,Lund,Eskilsminne,2026-05-22T17:00:00+00:00,,
fotmob,5127477,169,2022,564,1516,2022,8425,Enköping,4438,Hammarby TFF,Enköping,Hammarby Talang,2026-05-23T11:00:00+00:00,,
fotmob,5127824,169,2022,564,1516,2022,6170,FC Rosengård,241064,BK Olympic,Rosengård,Olympic,2026-05-23T11:00:00+00:00,,
fotmob,5127478,169,2022,564,1516,2022,627694,FBK Karlstad,841094,FC Arlanda,FBK Karlstad,Arlanda,2026-05-23T14:00:00+00:00,,
fotmob,5127479,169,2022,564,1516,2022,1225382,FC Järfälla,7997,Gefle,Järfälla,Gefle IF,2026-05-23T14:00:00+00:00,,
fotmob,5127482,169,2022,564,1516,2022,1011931,FC Stockholm,303472,Karlbergs BK,Stockholm Internazionale,Karlberg,2026-05-23T14:00:00+00:00,,
fotmob,5127480,169,2022,564,1516,2022,916701,IFK Stocksund,10225,Assyriska FF,Stocksund,Assyriska FF,2026-05-23T14:00:00+00:00,,
fotmob,5127828,169,2022,564,1516,2022,6153,Skövde AIK,1331261,AFC Malmoe,Skövde AIK,Ariana,2026-05-23T14:00:00+00:00,,
fotmob,5127831,169,2022,564,1516,2022,6622,Åtvidaberg,6173,Laholms FK,Atvidabergs FF,Laholm,2026-05-24T14:00:00+00:00,,
fotmob,5127476,169,2022,564,1516,2022,6238,AFC Eskilstuna,1967,Vasalunds IF,AFC Eskilstuna,Vasalund,2026-05-24T14:00:00+00:00,,
fotmob,5127825,169,2022,564,1516,2022,8510,Jönköping S.,8189,Ängelholms FF,Jonkopings Sodra,Angelholms FF,2026-05-24T14:00:00+00:00,,
fotmob,5127834,169,2022,564,1516,2022,303470,Eskilsminne IF,8333,Trelleborgs FF,Eskilsminne,Trelleborg,2026-05-30T11:00:00+00:00,,
fotmob,5127832,169,2022,564,1516,2022,1331261,AFC Malmoe,6173,Laholms FK,Ariana,Laholm,2026-05-30T14:00:00+00:00,,
fotmob,5127486,169,2022,564,1516,2022,4438,Hammarby TFF,6238,AFC Eskilstuna,Hammarby Talang,AFC Eskilstuna,2026-05-30T14:00:00+00:00,,
fotmob,5127839,169,2022,564,1516,2022,241285,Tvååkers IF,1965,Kristianstad FC,Tvååker,Kristianstad,2026-05-30T14:00:00+00:00,,
fotmob,5127837,169,2022,564,1516,2022,418688,Hässleholms IF,73158,Utsiktens BK,Hässleholms IF,Utsikten,2026-05-30T14:30:00+00:00,,
fotmob,5127490,169,2022,564,1516,2022,8601,Umeå,916701,IFK Stocksund,Umeå FC,Stocksund,2026-05-31T12:30:00+00:00,,
fotmob,5127488,169,2022,564,1516,2022,303472,Karlbergs BK,627694,FBK Karlstad,Karlberg,FBK Karlstad,2026-05-31T14:00:00+00:00,,
fotmob,5127485,169,2022,564,1516,2022,841094,FC Arlanda,7997,Gefle,Arlanda,Gefle IF,2026-06-01T17:15:00+00:00,,
fotmob,5127835,169,2022,564,1516,2022,6170,FC Rosengård,8189,Ängelholms FF,Rosengård,Angelholms FF,2026-06-02T17:00:00+00:00,,
fotmob,5127484,169,2022,564,1516,2022,10225,Assyriska FF,8425,Enköping,Assyriska FF,Enköping,2026-06-02T17:30:00+00:00,,
fotmob,5127491,169,2022,564,1516,2022,1967,Vasalunds IF,1225382,FC Järfälla,Vasalund,Järfälla,2026-06-03T17:30:00+00:00,,
fotmob,5127843,169,2022,564,1516,2022,6173,Laholms FK,418688,Hässleholms IF,Laholm,Hässleholms IF,2026-06-04T17:00:00+00:00,,
fotmob,5127492,169,2022,564,1516,2022,6238,AFC Eskilstuna,303472,Karlbergs BK,AFC Eskilstuna,Karlberg,2026-06-04T17:30:00+00:00,,
fotmob,5127493,169,2022,564,1516,2022,627694,FBK Karlstad,191433,IF Karlstad,FBK Karlstad,IF Karlstad,2026-06-05T17:00:00+00:00,,
fotmob,5127841,169,2022,564,1516,2022,8510,Jönköping S.,6183,Trollhättan FC,Jonkopings Sodra,Trollhättan,2026-06-06T14:00:00+00:00,,
fotmob,5127840,169,2022,564,1516,2022,1331261,AFC Malmoe,303470,Eskilsminne IF,Ariana,Eskilsminne,2026-06-07T11:00:00+00:00,,
fotmob,5127842,169,2022,564,1516,2022,1965,Kristianstad FC,6174,Lunds BK,Kristianstad,Lund,2026-06-07T11:00:00+00:00,,
fotmob,5127497,169,2022,564,1516,2022,2006,Piteå,8425,Enköping,Piteå,Enköping,2026-06-07T12:00:00+00:00,,
fotmob,5127494,169,2022,564,1516,2022,841094,FC Arlanda,10225,Assyriska FF,Arlanda,Assyriska FF,2026-06-07T14:00:00+00:00,,
fotmob,5127845,169,2022,564,1516,2022,73158,Utsiktens BK,6170,FC Rosengård,Utsikten,Rosengård,2026-06-08T17:30:00+00:00,,
fotmob,5127852,169,2022,564,1516,2022,6174,Lunds BK,1331261,AFC Malmoe,Lund,Ariana,2026-06-12T17:00:00+00:00,,
fotmob,5127854,169,2022,564,1516,2022,8189,Ängelholms FF,73158,Utsiktens BK,Angelholms FF,Utsikten,2026-06-13T11:00:00+00:00,,
fotmob,5127848,169,2022,564,1516,2022,241064,BK Olympic,6173,Laholms FK,Olympic,Laholm,2026-06-13T11:00:00+00:00,,
fotmob,5127853,169,2022,564,1516,2022,241285,Tvååkers IF,8510,Jönköping S.,Tvååker,Jonkopings Sodra,2026-06-13T11:00:00+00:00,,
fotmob,5127855,169,2022,564,1516,2022,6622,Åtvidaberg,303470,Eskilsminne IF,Atvidabergs FF,Eskilsminne,2026-06-13T14:00:00+00:00,,
fotmob,5127502,169,2022,564,1516,2022,1225382,FC Järfälla,841094,FC Arlanda,Järfälla,Arlanda,2026-06-13T14:00:00+00:00,,
fotmob,5127850,169,2022,564,1516,2022,6183,Trollhättan FC,1965,Kristianstad FC,Trollhättan,Kristianstad,2026-06-13T14:00:00+00:00,,
fotmob,5127504,169,2022,564,1516,2022,916701,IFK Stocksund,111120,Sollentuna FK,Stocksund,Sollentuna,2026-06-13T14:00:00+00:00,,
fotmob,5127851,169,2022,564,1516,2022,418688,Hässleholms IF,8333,Trelleborgs FF,Hässleholms IF,Trelleborg,2026-06-14T11:00:00+00:00,,
fotmob,5127505,169,2022,564,1516,2022,303472,Karlbergs BK,4438,Hammarby TFF,Karlberg,Hammarby Talang,2026-06-14T11:00:00+00:00,,
fotmob,5127500,169,2022,564,1516,2022,6238,AFC Eskilstuna,10225,Assyriska FF,AFC Eskilstuna,Assyriska FF,2026-06-14T14:00:00+00:00,,
fotmob,5127501,169,2022,564,1516,2022,8425,Enköping,1967,Vasalunds IF,Enköping,Vasalund,2026-06-14T14:00:00+00:00,,
fotmob,5127849,169,2022,564,1516,2022,6170,FC Rosengård,6153,Skövde AIK,Rosengård,Skövde AIK,2026-06-14T14:00:00+00:00,,
fotmob,5127506,169,2022,564,1516,2022,1011931,FC Stockholm,627694,FBK Karlstad,Stockholm Internazionale,FBK Karlstad,2026-06-14T14:00:00+00:00,,
fotmob,5127863,169,2022,564,1516,2022,73158,Utsiktens BK,6622,Åtvidaberg,Utsikten,Atvidabergs FF,2026-06-17T17:30:00+00:00,,
fotmob,5127857,169,2022,564,1516,2022,303470,Eskilsminne IF,6183,Trollhättan FC,Eskilsminne,Trollhättan,2026-06-18T17:00:00+00:00,,
fotmob,5127512,169,2022,564,1516,2022,4438,Hammarby TFF,1225382,FC Järfälla,Hammarby Talang,Järfälla,2026-06-18T17:00:00+00:00,,
fotmob,5127858,169,2022,564,1516,2022,8510,Jönköping S.,6174,Lunds BK,Jonkopings Sodra,Lund,2026-06-18T17:00:00+00:00,,
fotmob,5127860,169,2022,564,1516,2022,6153,Skövde AIK,418688,Hässleholms IF,Skövde AIK,Hässleholms IF,2026-06-18T17:00:00+00:00,,
fotmob,5127861,169,2022,564,1516,2022,8333,Trelleborgs FF,6170,FC Rosengård,Trelleborg,Rosengård,2026-06-18T17:00:00+00:00,,
fotmob,5127515,169,2022,564,1516,2022,1967,Vasalunds IF,303472,Karlbergs BK,Vasalund,Karlberg,2026-06-18T17:00:00+00:00,,
fotmob,5127510,169,2022,564,1516,2022,841094,FC Arlanda,916701,IFK Stocksund,Arlanda,Stocksund,2026-06-18T17:15:00+00:00,,
fotmob,5127514,169,2022,564,1516,2022,111120,Sollentuna FK,627694,FBK Karlstad,Sollentuna,FBK Karlstad,2026-06-18T17:30:00+00:00,,
fotmob,5127513,169,2022,564,1516,2022,2006,Piteå,6238,AFC Eskilstuna,Piteå,AFC Eskilstuna,2026-06-21T11:00:00+00:00,,
fotmob,5127509,169,2022,564,1516,2022,8425,Enköping,8601,Umeå,Enköping,Umeå FC,2026-06-21T13:00:00+00:00,,
fotmob,5127856,169,2022,564,1516,2022,1331261,AFC Malmoe,241064,BK Olympic,Ariana,Olympic,2026-06-21T14:00:00+00:00,,
fotmob,5127859,169,2022,564,1516,2022,1965,Kristianstad FC,6173,Laholms FK,Kristianstad,Laholm,2026-06-21T14:00:00+00:00,,
fotmob,5127508,169,2022,564,1516,2022,10225,Assyriska FF,191433,IF Karlstad,Assyriska FF,IF Karlstad,2026-06-21T15:00:00+00:00,,
fotmob,5127520,169,2022,564,1516,2022,303472,Karlbergs BK,2006,Piteå,Karlberg,Piteå,2026-06-24T17:00:00+00:00,,
fotmob,5127766,169,2023,564,1516,2023,8189,Ängelholms FF,8333,Trelleborgs FF,Angelholms FF,Trelleborg,2026-04-03T11:00:00+00:00,,
fotmob,5127760,169,2023,564,1516,2023,1331261,AFC Malmoe,1965,Kristianstad FC,Ariana,Kristianstad,2026-04-03T11:00:00+00:00,,
fotmob,5127416,169,2023,564,1516,2023,841094,FC Arlanda,1967,Vasalunds IF,Arlanda,Vasalund,2026-04-03T11:00:00+00:00,,
fotmob,5127415,169,2023,564,1516,2023,627694,FBK Karlstad,7997,Gefle,FBK Karlstad,Gefle IF,2026-04-03T14:00:00+00:00,,
fotmob,5127763,169,2023,564,1516,2023,6183,Trollhättan FC,418688,Hässleholms IF,Trollhättan,Hässleholms IF,2026-04-03T14:00:00+00:00,,
fotmob,5127765,169,2023,564,1516,2023,73158,Utsiktens BK,241064,BK Olympic,Utsikten,Olympic,2026-04-03T14:00:00+00:00,,
fotmob,5127414,169,2023,564,1516,2023,8425,Enköping,916701,IFK Stocksund,Enköping,Stocksund,2026-04-04T11:00:00+00:00,,
fotmob,5127761,169,2023,564,1516,2023,303470,Eskilsminne IF,6173,Laholms FK,Eskilsminne,Laholm,2026-04-04T11:00:00+00:00,,
fotmob,5127762,169,2023,564,1516,2023,6170,FC Rosengård,6174,Lunds BK,Rosengård,Lund,2026-04-04T11:00:00+00:00,,
fotmob,5127413,169,2023,564,1516,2023,6238,AFC Eskilstuna,1225382,FC Järfälla,AFC Eskilstuna,Järfälla,2026-04-04T14:00:00+00:00,,
fotmob,5127419,169,2023,564,1516,2023,111120,Sollentuna FK,303472,Karlbergs BK,Sollentuna,Karlberg,2026-04-04T14:00:00+00:00,,
fotmob,5127767,169,2023,564,1516,2023,6622,Åtvidaberg,8510,Jönköping S.,Atvidabergs FF,Jonkopings Sodra,2026-04-05T14:00:00+00:00,,
fotmob,5127412,169,2023,564,1516,2023,10225,Assyriska FF,1011931,FC Stockholm,Assyriska FF,Stockholm Internazionale,2026-04-05T14:00:00+00:00,,
fotmob,5127764,169,2023,564,1516,2023,6153,Skövde AIK,241285,Tvååkers IF,Skövde AIK,Tvååker,2026-04-06T11:00:00+00:00,,
fotmob,5127423,169,2023,564,1516,2023,303472,Karlbergs BK,8425,Enköping,Karlberg,Enköping,2026-04-10T17:30:00+00:00,,
fotmob,5127772,169,2023,564,1516,2023,6173,Laholms FK,8189,Ängelholms FF,Laholm,Angelholms FF,2026-04-11T11:00:00+00:00,,
fotmob,5127774,169,2023,564,1516,2023,8333,Trelleborgs FF,1331261,AFC Malmoe,Trelleborg,Ariana,2026-04-11T11:00:00+00:00,,
fotmob,5127420,169,2023,564,1516,2023,1225382,FC Järfälla,111120,Sollentuna FK,Järfälla,Sollentuna,2026-04-11T14:00:00+00:00,,
fotmob,5127771,169,2023,564,1516,2023,1965,Kristianstad FC,6153,Skövde AIK,Kristianstad,Skövde AIK,2026-04-11T14:00:00+00:00,,
fotmob,5127426,169,2023,564,1516,2023,8601,Umeå,841094,FC Arlanda,Umeå FC,Arlanda,2026-04-12T11:00:00+00:00,,
fotmob,5127424,169,2023,564,1516,2023,2006,Piteå,10225,Assyriska FF,Piteå,Assyriska FF,2026-04-12T12:00:00+00:00,,
fotmob,5127427,169,2023,564,1516,2023,1967,Vasalunds IF,627694,FBK Karlstad,Vasalund,FBK Karlstad,2026-04-12T14:00:00+00:00,,
fotmob,5127778,169,2023,564,1516,2023,418688,Hässleholms IF,241064,BK Olympic,Hässleholms IF,Olympic,2026-04-17T17:00:00+00:00,,
fotmob,5127776,169,2023,564,1516,2023,1331261,AFC Malmoe,6170,FC Rosengård,Ariana,Rosengård,2026-04-18T11:00:00+00:00,,
fotmob,5127429,169,2023,564,1516,2023,8425,Enköping,627694,FBK Karlstad,Enköping,FBK Karlstad,2026-04-18T11:00:00+00:00,,
fotmob,5127780,169,2023,564,1516,2023,8333,Trelleborgs FF,241285,Tvååkers IF,Trelleborg,Tvååker,2026-04-18T11:00:00+00:00,,
fotmob,5127777,169,2023,564,1516,2023,303470,Eskilsminne IF,8510,Jönköping S.,Eskilsminne,Jonkopings Sodra,2026-04-18T14:00:00+00:00,,
fotmob,5127430,169,2023,564,1516,2023,841094,FC Arlanda,1011931,FC Stockholm,Arlanda,Stockholm Internazionale,2026-04-18T14:00:00+00:00,,
fotmob,5127431,169,2023,564,1516,2023,7997,Gefle,111120,Sollentuna FK,Gefle IF,Sollentuna,2026-04-18T14:00:00+00:00,,
fotmob,5127432,169,2023,564,1516,2023,191433,IF Karlstad,1225382,FC Järfälla,IF Karlstad,Järfälla,2026-04-18T14:00:00+00:00,,
fotmob,5127779,169,2023,564,1516,2023,6153,Skövde AIK,6173,Laholms FK,Skövde AIK,Laholm,2026-04-18T14:00:00+00:00,,
fotmob,5127781,169,2023,564,1516,2023,73158,Utsiktens BK,6183,Trollhättan FC,Utsikten,Trollhättan,2026-04-18T15:00:00+00:00,,
fotmob,5127783,169,2023,564,1516,2023,6622,Åtvidaberg,1965,Kristianstad FC,Atvidabergs FF,Kristianstad,2026-04-19T14:00:00+00:00,,
fotmob,5127428,169,2023,564,1516,2023,10225,Assyriska FF,303472,Karlbergs BK,Assyriska FF,Karlberg,2026-04-19T14:00:00+00:00,,
fotmob,5127433,169,2023,564,1516,2023,916701,IFK Stocksund,6238,AFC Eskilstuna,Stocksund,AFC Eskilstuna,2026-04-20T17:30:00+00:00,,
fotmob,5127786,169,2023,564,1516,2023,6183,Trollhättan FC,6153,Skövde AIK,Trollhättan,Skövde AIK,2026-04-24T17:00:00+00:00,,
fotmob,5127437,169,2023,564,1516,2023,8425,Enköping,841094,FC Arlanda,Enköping,Arlanda,2026-04-24T17:30:00+00:00,,
fotmob,5127790,169,2023,564,1516,2023,8189,Ängelholms FF,418688,Hässleholms IF,Angelholms FF,Hässleholms IF,2026-04-25T11:00:00+00:00,,
fotmob,5127785,169,2023,564,1516,2023,6170,FC Rosengård,303470,Eskilsminne IF,Rosengård,Eskilsminne,2026-04-25T11:00:00+00:00,,
fotmob,5127791,169,2023,564,1516,2023,6622,Åtvidaberg,1331261,AFC Malmoe,Atvidabergs FF,Ariana,2026-04-25T14:00:00+00:00,,
fotmob,5127438,169,2023,564,1516,2023,627694,FBK Karlstad,916701,IFK Stocksund,FBK Karlstad,Stocksund,2026-04-25T14:00:00+00:00,,
fotmob,5127788,169,2023,564,1516,2023,6173,Laholms FK,8333,Trelleborgs FF,Laholm,Trelleborg,2026-04-25T14:00:00+00:00,,
fotmob,5127442,169,2023,564,1516,2023,111120,Sollentuna FK,10225,Assyriska FF,Sollentuna,Assyriska FF,2026-04-25T14:00:00+00:00,,
fotmob,5127436,169,2023,564,1516,2023,6238,AFC Eskilstuna,191433,IF Karlstad,AFC Eskilstuna,IF Karlstad,2026-04-26T14:00:00+00:00,,
fotmob,5127784,169,2023,564,1516,2023,241064,BK Olympic,8510,Jönköping S.,Olympic,Jonkopings Sodra,2026-04-26T14:00:00+00:00,,
fotmob,5127439,169,2023,564,1516,2023,1225382,FC Järfälla,2006,Piteå,Järfälla,Piteå,2026-04-26T14:00:00+00:00,,
fotmob,5127441,169,2023,564,1516,2023,303472,Karlbergs BK,7997,Gefle,Karlberg,Gefle IF,2026-04-26T14:00:00+00:00,,
fotmob,5127787,169,2023,564,1516,2023,1965,Kristianstad FC,73158,Utsiktens BK,Kristianstad,Utsikten,2026-04-26T14:00:00+00:00,,
fotmob,5127794,169,2023,564,1516,2023,418688,Hässleholms IF,6174,Lunds BK,Hässleholms IF,Lund,2026-05-01T11:00:00+00:00,,
fotmob,5127795,169,2023,564,1516,2023,8510,Jönköping S.,1965,Kristianstad FC,Jonkopings Sodra,Kristianstad,2026-05-02T11:00:00+00:00,,
fotmob,5127797,169,2023,564,1516,2023,8333,Trelleborgs FF,241064,BK Olympic,Trelleborg,Olympic,2026-05-02T11:00:00+00:00,,
fotmob,5127798,169,2023,564,1516,2023,241285,Tvååkers IF,6173,Laholms FK,Tvååker,Laholm,2026-05-02T11:00:00+00:00,,
fotmob,5127445,169,2023,564,1516,2023,6238,AFC Eskilstuna,627694,FBK Karlstad,AFC Eskilstuna,FBK Karlstad,2026-05-02T14:00:00+00:00,,
fotmob,5127793,169,2023,564,1516,2023,6183,Trollhättan FC,6170,FC Rosengård,Trollhättan,Rosengård,2026-05-02T14:00:00+00:00,,
fotmob,5127446,169,2023,564,1516,2023,7997,Gefle,8425,Enköping,Gefle IF,Enköping,2026-05-02T14:00:00+00:00,,
fotmob,5127796,169,2023,564,1516,2023,6153,Skövde AIK,6622,Åtvidaberg,Skövde AIK,Atvidabergs FF,2026-05-02T14:00:00+00:00,,
fotmob,5127799,169,2023,564,1516,2023,73158,Utsiktens BK,1331261,AFC Malmoe,Utsikten,Ariana,2026-05-02T15:00:00+00:00,,
fotmob,5127449,169,2023,564,1516,2023,2006,Piteå,841094,FC Arlanda,Piteå,Arlanda,2026-05-03T13:00:00+00:00,,
fotmob,5127451,169,2023,564,1516,2023,8601,Umeå,303472,Karlbergs BK,Umeå FC,Karlberg,2026-05-03T13:00:00+00:00,,
fotmob,5127444,169,2023,564,1516,2023,10225,Assyriska FF,1225382,FC Järfälla,Assyriska FF,Järfälla,2026-05-03T14:00:00+00:00,,
fotmob,5127800,169,2023,564,1516,2023,1331261,AFC Malmoe,418688,Hässleholms IF,Ariana,Hässleholms IF,2026-05-08T17:00:00+00:00,,
fotmob,5127452,169,2023,564,1516,2023,8425,Enköping,6238,AFC Eskilstuna,Enköping,AFC Eskilstuna,2026-05-08T17:00:00+00:00,,
fotmob,5127801,169,2023,564,1516,2023,241064,BK Olympic,1965,Kristianstad FC,Olympic,Kristianstad,2026-05-09T11:00:00+00:00,,
fotmob,5127454,169,2023,564,1516,2023,841094,FC Arlanda,111120,Sollentuna FK,Arlanda,Sollentuna,2026-05-09T11:00:00+00:00,,
fotmob,5127458,169,2023,564,1516,2023,8601,Umeå,7997,Gefle,Umeå FC,Gefle IF,2026-05-09T11:00:00+00:00,,
fotmob,5127802,169,2023,564,1516,2023,303470,Eskilsminne IF,73158,Utsiktens BK,Eskilsminne,Utsikten,2026-05-09T14:00:00+00:00,,
fotmob,5127453,169,2023,564,1516,2023,627694,FBK Karlstad,1225382,FC Järfälla,FBK Karlstad,Järfälla,2026-05-09T14:00:00+00:00,,
fotmob,5127803,169,2023,564,1516,2023,6170,FC Rosengård,241285,Tvååkers IF,Rosengård,Tvååker,2026-05-09T14:00:00+00:00,,
fotmob,5127455,169,2023,564,1516,2023,4438,Hammarby TFF,10225,Assyriska FF,Hammarby Talang,Assyriska FF,2026-05-09T14:00:00+00:00,,
fotmob,5127457,169,2023,564,1516,2023,303472,Karlbergs BK,191433,IF Karlstad,Karlberg,IF Karlstad,2026-05-09T14:00:00+00:00,,
fotmob,5127806,169,2023,564,1516,2023,6153,Skövde AIK,8189,Ängelholms FF,Skövde AIK,Angelholms FF,2026-05-09T14:00:00+00:00,,
fotmob,5127807,169,2023,564,1516,2023,6622,Åtvidaberg,8333,Trelleborgs FF,Atvidabergs FF,Trelleborg,2026-05-10T11:00:00+00:00,,
fotmob,5127804,169,2023,564,1516,2023,8510,Jönköping S.,6173,Laholms FK,Jonkopings Sodra,Laholm,2026-05-10T14:00:00+00:00,,
fotmob,5127466,169,2023,564,1516,2023,1011931,FC Stockholm,6238,AFC Eskilstuna,Stockholm Internazionale,AFC Eskilstuna,2026-05-13T17:00:00+00:00,,
fotmob,5127809,169,2023,564,1516,2023,418688,Hässleholms IF,303470,Eskilsminne IF,Hässleholms IF,Eskilsminne,2026-05-13T17:00:00+00:00,,
fotmob,5127811,169,2023,564,1516,2023,6173,Laholms FK,6174,Lunds BK,Laholm,Lund,2026-05-13T17:00:00+00:00,,
fotmob,5127462,169,2023,564,1516,2023,1225382,FC Järfälla,8425,Enköping,Järfälla,Enköping,2026-05-13T17:30:00+00:00,,
fotmob,5127464,169,2023,564,1516,2023,2006,Piteå,627694,FBK Karlstad,Piteå,FBK Karlstad,2026-05-14T11:00:00+00:00,,
fotmob,5127467,169,2023,564,1516,2023,1967,Vasalunds IF,7997,Gefle,Vasalund,Gefle IF,2026-05-14T11:00:00+00:00,,
fotmob,5127460,169,2023,564,1516,2023,10225,Assyriska FF,8601,Umeå,Assyriska FF,Umeå FC,2026-05-14T13:00:00+00:00,,
fotmob,5127808,169,2023,564,1516,2023,6183,Trollhättan FC,1331261,AFC Malmoe,Trollhättan,Ariana,2026-05-14T14:00:00+00:00,,
fotmob,5127470,169,2023,564,1516,2023,627694,FBK Karlstad,8601,Umeå,FBK Karlstad,Umeå FC,2026-05-17T11:00:00+00:00,,
fotmob,5127819,169,2023,564,1516,2023,8510,Jönköping S.,418688,Hässleholms IF,Jonkopings Sodra,Hässleholms IF,2026-05-17T11:00:00+00:00,,
fotmob,5127821,169,2023,564,1516,2023,6174,Lunds BK,73158,Utsiktens BK,Lund,Utsikten,2026-05-17T11:00:00+00:00,,
fotmob,5127469,169,2023,564,1516,2023,8425,Enköping,111120,Sollentuna FK,Enköping,Sollentuna,2026-05-17T14:00:00+00:00,,
fotmob,5127818,169,2023,564,1516,2023,303470,Eskilsminne IF,6153,Skövde AIK,Eskilsminne,Skövde AIK,2026-05-17T14:00:00+00:00,,
fotmob,5127471,169,2023,564,1516,2023,7997,Gefle,10225,Assyriska FF,Gefle IF,Assyriska FF,2026-05-17T14:00:00+00:00,,
fotmob,5127822,169,2023,564,1516,2023,8333,Trelleborgs FF,6183,Trollhättan FC,Trelleborg,Trollhättan,2026-05-17T14:00:00+00:00,,
fotmob,5127823,169,2023,564,1516,2023,8189,Ängelholms FF,1965,Kristianstad FC,Angelholms FF,Kristianstad,2026-05-18T17:00:00+00:00,,
fotmob,5127816,169,2023,564,1516,2023,1331261,AFC Malmoe,241285,Tvååkers IF,Ariana,Tvååker,2026-05-18T17:00:00+00:00,,
fotmob,5127820,169,2023,564,1516,2023,6173,Laholms FK,6170,FC Rosengård,Laholm,Rosengård,2026-05-18T17:00:00+00:00,,
fotmob,5127468,169,2023,564,1516,2023,6238,AFC Eskilstuna,841094,FC Arlanda,AFC Eskilstuna,Arlanda,2026-05-18T17:30:00+00:00,,
fotmob,5127477,169,2023,564,1516,2023,8425,Enköping,4438,Hammarby TFF,Enköping,Hammarby Talang,2026-05-23T11:00:00+00:00,,
fotmob,5127824,169,2023,564,1516,2023,6170,FC Rosengård,241064,BK Olympic,Rosengård,Olympic,2026-05-23T11:00:00+00:00,,
fotmob,5127478,169,2023,564,1516,2023,627694,FBK Karlstad,841094,FC Arlanda,FBK Karlstad,Arlanda,2026-05-23T14:00:00+00:00,,
fotmob,5127479,169,2023,564,1516,2023,1225382,FC Järfälla,7997,Gefle,Järfälla,Gefle IF,2026-05-23T14:00:00+00:00,,
fotmob,5127482,169,2023,564,1516,2023,1011931,FC Stockholm,303472,Karlbergs BK,Stockholm Internazionale,Karlberg,2026-05-23T14:00:00+00:00,,
fotmob,5127480,169,2023,564,1516,2023,916701,IFK Stocksund,10225,Assyriska FF,Stocksund,Assyriska FF,2026-05-23T14:00:00+00:00,,
fotmob,5127828,169,2023,564,1516,2023,6153,Skövde AIK,1331261,AFC Malmoe,Skövde AIK,Ariana,2026-05-23T14:00:00+00:00,,
fotmob,5127831,169,2023,564,1516,2023,6622,Åtvidaberg,6173,Laholms FK,Atvidabergs FF,Laholm,2026-05-24T14:00:00+00:00,,
fotmob,5127476,169,2023,564,1516,2023,6238,AFC Eskilstuna,1967,Vasalunds IF,AFC Eskilstuna,Vasalund,2026-05-24T14:00:00+00:00,,
fotmob,5127825,169,2023,564,1516,2023,8510,Jönköping S.,8189,Ängelholms FF,Jonkopings Sodra,Angelholms FF,2026-05-24T14:00:00+00:00,,
fotmob,5127834,169,2023,564,1516,2023,303470,Eskilsminne IF,8333,Trelleborgs FF,Eskilsminne,Trelleborg,2026-05-30T11:00:00+00:00,,
fotmob,5127832,169,2023,564,1516,2023,1331261,AFC Malmoe,6173,Laholms FK,Ariana,Laholm,2026-05-30T14:00:00+00:00,,
fotmob,5127486,169,2023,564,1516,2023,4438,Hammarby TFF,6238,AFC Eskilstuna,Hammarby Talang,AFC Eskilstuna,2026-05-30T14:00:00+00:00,,
fotmob,5127839,169,2023,564,1516,2023,241285,Tvååkers IF,1965,Kristianstad FC,Tvååker,Kristianstad,2026-05-30T14:00:00+00:00,,
fotmob,5127837,169,2023,564,1516,2023,418688,Hässleholms IF,73158,Utsiktens BK,Hässleholms IF,Utsikten,2026-05-30T14:30:00+00:00,,
fotmob,5127488,169,2023,564,1516,2023,303472,Karlbergs BK,627694,FBK Karlstad,Karlberg,FBK Karlstad,2026-05-31T14:00:00+00:00,,
fotmob,5127485,169,2023,564,1516,2023,841094,FC Arlanda,7997,Gefle,Arlanda,Gefle IF,2026-06-01T17:15:00+00:00,,
fotmob,5127835,169,2023,564,1516,2023,6170,FC Rosengård,8189,Ängelholms FF,Rosengård,Angelholms FF,2026-06-02T17:00:00+00:00,,
fotmob,5127484,169,2023,564,1516,2023,10225,Assyriska FF,8425,Enköping,Assyriska FF,Enköping,2026-06-02T17:30:00+00:00,,
fotmob,5127491,169,2023,564,1516,2023,1967,Vasalunds IF,1225382,FC Järfälla,Vasalund,Järfälla,2026-06-03T17:30:00+00:00,,
fotmob,5127843,169,2023,564,1516,2023,6173,Laholms FK,418688,Hässleholms IF,Laholm,Hässleholms IF,2026-06-04T17:00:00+00:00,,
fotmob,5127492,169,2023,564,1516,2023,6238,AFC Eskilstuna,303472,Karlbergs BK,AFC Eskilstuna,Karlberg,2026-06-04T17:30:00+00:00,,
fotmob,5127493,169,2023,564,1516,2023,627694,FBK Karlstad,191433,IF Karlstad,FBK Karlstad,IF Karlstad,2026-06-05T17:00:00+00:00,,
fotmob,5127496,169,2023,564,1516,2023,7997,Gefle,4438,Hammarby TFF,Gefle IF,Hammarby Talang,2026-06-06T14:00:00+00:00,,
fotmob,5127841,169,2023,564,1516,2023,8510,Jönköping S.,6183,Trollhättan FC,Jonkopings Sodra,Trollhättan,2026-06-06T14:00:00+00:00,,
fotmob,5127840,169,2023,564,1516,2023,1331261,AFC Malmoe,303470,Eskilsminne IF,Ariana,Eskilsminne,2026-06-07T11:00:00+00:00,,
fotmob,5127842,169,2023,564,1516,2023,1965,Kristianstad FC,6174,Lunds BK,Kristianstad,Lund,2026-06-07T11:00:00+00:00,,
fotmob,5127497,169,2023,564,1516,2023,2006,Piteå,8425,Enköping,Piteå,Enköping,2026-06-07T12:00:00+00:00,,
fotmob,5127494,169,2023,564,1516,2023,841094,FC Arlanda,10225,Assyriska FF,Arlanda,Assyriska FF,2026-06-07T14:00:00+00:00,,
fotmob,5127495,169,2023,564,1516,2023,1225382,FC Järfälla,916701,IFK Stocksund,Järfälla,Stocksund,2026-06-08T17:30:00+00:00,,
fotmob,5127845,169,2023,564,1516,2023,73158,Utsiktens BK,6170,FC Rosengård,Utsikten,Rosengård,2026-06-08T17:30:00+00:00,,
fotmob,5127852,169,2023,564,1516,2023,6174,Lunds BK,1331261,AFC Malmoe,Lund,Ariana,2026-06-12T17:00:00+00:00,,
fotmob,5127854,169,2023,564,1516,2023,8189,Ängelholms FF,73158,Utsiktens BK,Angelholms FF,Utsikten,2026-06-13T11:00:00+00:00,,
fotmob,5127848,169,2023,564,1516,2023,241064,BK Olympic,6173,Laholms FK,Olympic,Laholm,2026-06-13T11:00:00+00:00,,
fotmob,5127853,169,2023,564,1516,2023,241285,Tvååkers IF,8510,Jönköping S.,Tvååker,Jonkopings Sodra,2026-06-13T11:00:00+00:00,,
fotmob,5127850,169,2023,564,1516,2023,6183,Trollhättan FC,1965,Kristianstad FC,Trollhättan,Kristianstad,2026-06-13T14:00:00+00:00,,
fotmob,5127503,169,2023,564,1516,2023,191433,IF Karlstad,7997,Gefle,IF Karlstad,Gefle IF,2026-06-13T14:00:00+00:00,,
fotmob,5127851,169,2023,564,1516,2023,418688,Hässleholms IF,8333,Trelleborgs FF,Hässleholms IF,Trelleborg,2026-06-14T11:00:00+00:00,,
fotmob,5127505,169,2023,564,1516,2023,303472,Karlbergs BK,4438,Hammarby TFF,Karlberg,Hammarby Talang,2026-06-14T11:00:00+00:00,,
fotmob,5127500,169,2023,564,1516,2023,6238,AFC Eskilstuna,10225,Assyriska FF,AFC Eskilstuna,Assyriska FF,2026-06-14T14:00:00+00:00,,
fotmob,5127501,169,2023,564,1516,2023,8425,Enköping,1967,Vasalunds IF,Enköping,Vasalund,2026-06-14T14:00:00+00:00,,
fotmob,5127849,169,2023,564,1516,2023,6170,FC Rosengård,6153,Skövde AIK,Rosengård,Skövde AIK,2026-06-14T14:00:00+00:00,,
fotmob,5127506,169,2023,564,1516,2023,1011931,FC Stockholm,627694,FBK Karlstad,Stockholm Internazionale,FBK Karlstad,2026-06-14T14:00:00+00:00,,
fotmob,5127863,169,2023,564,1516,2023,73158,Utsiktens BK,6622,Åtvidaberg,Utsikten,Atvidabergs FF,2026-06-17T17:30:00+00:00,,
fotmob,5127511,169,2023,564,1516,2023,7997,Gefle,1011931,FC Stockholm,Gefle IF,Stockholm Internazionale,2026-06-18T17:00:00+00:00,,
fotmob,5127512,169,2023,564,1516,2023,4438,Hammarby TFF,1225382,FC Järfälla,Hammarby Talang,Järfälla,2026-06-18T17:00:00+00:00,,
fotmob,5127858,169,2023,564,1516,2023,8510,Jönköping S.,6174,Lunds BK,Jonkopings Sodra,Lund,2026-06-18T17:00:00+00:00,,
fotmob,5127860,169,2023,564,1516,2023,6153,Skövde AIK,418688,Hässleholms IF,Skövde AIK,Hässleholms IF,2026-06-18T17:00:00+00:00,,
fotmob,5127861,169,2023,564,1516,2023,8333,Trelleborgs FF,6170,FC Rosengård,Trelleborg,Rosengård,2026-06-18T17:00:00+00:00,,
fotmob,5127515,169,2023,564,1516,2023,1967,Vasalunds IF,303472,Karlbergs BK,Vasalund,Karlberg,2026-06-18T17:00:00+00:00,,
fotmob,5127510,169,2023,564,1516,2023,841094,FC Arlanda,916701,IFK Stocksund,Arlanda,Stocksund,2026-06-18T17:15:00+00:00,,
fotmob,5127514,169,2023,564,1516,2023,111120,Sollentuna FK,627694,FBK Karlstad,Sollentuna,FBK Karlstad,2026-06-18T17:30:00+00:00,,
fotmob,5127513,169,2023,564,1516,2023,2006,Piteå,6238,AFC Eskilstuna,Piteå,AFC Eskilstuna,2026-06-21T11:00:00+00:00,,
fotmob,5127509,169,2023,564,1516,2023,8425,Enköping,8601,Umeå,Enköping,Umeå FC,2026-06-21T13:00:00+00:00,,
fotmob,5127856,169,2023,564,1516,2023,1331261,AFC Malmoe,241064,BK Olympic,Ariana,Olympic,2026-06-21T14:00:00+00:00,,
fotmob,5127859,169,2023,564,1516,2023,1965,Kristianstad FC,6173,Laholms FK,Kristianstad,Laholm,2026-06-21T14:00:00+00:00,,
fotmob,5127508,169,2023,564,1516,2023,10225,Assyriska FF,191433,IF Karlstad,Assyriska FF,IF Karlstad,2026-06-21T15:00:00+00:00,,
fotmob,5127520,169,2023,564,1516,2023,303472,Karlbergs BK,2006,Piteå,Karlberg,Piteå,2026-06-24T17:00:00+00:00,,
